{"type":"FeatureCollection","fuente":"Department of Conservation (DOC), DOC Marine Reserves (https://www.arcgis.com/home/item.html?id=0e74f9682502447c9a14d51340512361)","licencia":"CC BY 4.0 (verificada en la ficha del elemento el 2026-10-09)","atribucion":"Marine reserves: Department of Conservation (DOC), Crown copyright, CC BY 4.0","simplificado_grados":0.0005,"aviso":"Geometría simplificada para dibujar; no sirve para límites exactos. No fishing. No take of any marine life.","generado":"2026-10-09","script":"scripts/fuentes/doc-reservas-marinas.mjs","features":[{"type":"Feature","properties":{"id":2794547,"nombre":"Tuhua (Mayor Island) Marine Reserve","ley":"MARINE_RESERVES_ACT","area_ha":1060},"geometry":{"type":"Polygon","coordinates":[[[176.2605,-37.25084],[176.28057,-37.25212],[176.28943,-37.25558],[176.29429,-37.25971],[176.29556,-37.2614],[176.28041,-37.27335],[176.27634,-37.27379],[176.27611,-37.27185],[176.27783,-37.2707],[176.27692,-37.26899],[176.2752,-37.26826],[176.27384,-37.26972],[176.26982,-37.26967],[176.26607,-37.26761],[176.26421,-37.26745],[176.26357,-37.26812],[176.2605,-37.26754],[176.25662,-37.26921],[176.25589,-37.26835],[176.25278,-37.26923],[176.25219,-37.27028],[176.24759,-37.26946],[176.24527,-37.27148],[176.24546,-37.27228],[176.24288,-37.27364],[176.24249,-37.2749],[176.22457,-37.26057],[176.23039,-37.25718],[176.24088,-37.25364],[176.2605,-37.25084]],[[176.26933,-37.26462],[176.26978,-37.26459],[176.26999,-37.26422],[176.26933,-37.26462]],[[176.27208,-37.26719],[176.27252,-37.26737],[176.27271,-37.26669],[176.27208,-37.26719]]]}},{"type":"Feature","properties":{"id":2797424,"nombre":"Poor Knights Islands Marine Reserve","ley":"MARINE_RESERVES_ACT","area_ha":1890},"geometry":{"type":"MultiPolygon","coordinates":[[[[174.71528,-35.56464],[174.7156,-35.5681],[174.71491,-35.56985],[174.71243,-35.5724],[174.70968,-35.57353],[174.70422,-35.57428],[174.70035,-35.57336],[174.69674,-35.56934],[174.69635,-35.56585],[174.69697,-35.56397],[174.69976,-35.56093],[174.70219,-35.5597],[174.70592,-35.55912],[174.71044,-35.56017],[174.71342,-35.56206],[174.71528,-35.56464]]],[[[174.70462,-35.56496],[174.70374,-35.5658],[174.70543,-35.56545],[174.70462,-35.56496]]],[[[174.73519,-35.54538],[174.73641,-35.54917],[174.73582,-35.55171],[174.72836,-35.55797],[174.72552,-35.55868],[174.72143,-35.55827],[174.71813,-35.55679],[174.71587,-35.55435],[174.71446,-35.5499],[174.71474,-35.54492],[174.71646,-35.5421],[174.71928,-35.54012],[174.72367,-35.53919],[174.72752,-35.53973],[174.73409,-35.5438],[174.73519,-35.54538]]],[[[174.72321,-35.55088],[174.72353,-35.55071],[174.72351,-35.55045],[174.72321,-35.55088]]],[[[174.72634,-35.54836],[174.72663,-35.54823],[174.72618,-35.54801],[174.72634,-35.54836]]],[[[174.72266,-35.54931],[174.72353,-35.54929],[174.72369,-35.54843],[174.72246,-35.54795],[174.72266,-35.54931]]],[[[174.72344,-35.54761],[174.72511,-35.54709],[174.72246,-35.54593],[174.72344,-35.54761]]],[[[174.74746,-35.44378],[174.7519,-35.44862],[174.7522,-35.4518],[174.75072,-35.45528],[174.75288,-35.45734],[174.7536,-35.45951],[174.75313,-35.46324],[174.74839,-35.47005],[174.75246,-35.47308],[174.75465,-35.4765],[174.75519,-35.48058],[174.75695,-35.48491],[174.75464,-35.4905],[174.74842,-35.49605],[174.74424,-35.49812],[174.73759,-35.49895],[174.73197,-35.49612],[174.72387,-35.48706],[174.72388,-35.48242],[174.72491,-35.47904],[174.72218,-35.47626],[174.72134,-35.47345],[174.72343,-35.46733],[174.72636,-35.4642],[174.72299,-35.45779],[174.72367,-35.45332],[174.72231,-35.44725],[174.72423,-35.4434],[174.72847,-35.43961],[174.73441,-35.43688],[174.73797,-35.43683],[174.74167,-35.43823],[174.74746,-35.44378]]],[[[174.73473,-35.46969],[174.73472,-35.46984],[174.73518,-35.47004],[174.73473,-35.46969]]],[[[174.73502,-35.47353],[174.73525,-35.4737],[174.73527,-35.47299],[174.73502,-35.47353]]],[[[174.73089,-35.47301],[174.73037,-35.47296],[174.73023,-35.47356],[174.73089,-35.47301]]],[[[174.73426,-35.47202],[174.73315,-35.47166],[174.73287,-35.47219],[174.73426,-35.47202]]],[[[174.73285,-35.47033],[174.73414,-35.47006],[174.7321,-35.46965],[174.73285,-35.47033]]],[[[174.73595,-35.47133],[174.73455,-35.47287],[174.73601,-35.47236],[174.73595,-35.47133]]],[[[174.74621,-35.48521],[174.74534,-35.48523],[174.7458,-35.48615],[174.74504,-35.48751],[174.7465,-35.48806],[174.74816,-35.48505],[174.74621,-35.48521]]],[[[174.73949,-35.48838],[174.73908,-35.48918],[174.74021,-35.48999],[174.73925,-35.49196],[174.74213,-35.4913],[174.74179,-35.48982],[174.74106,-35.49059],[174.74108,-35.48875],[174.73949,-35.48838]]],[[[174.73674,-35.4736],[174.73714,-35.47528],[174.73837,-35.47566],[174.73664,-35.47593],[174.73834,-35.47967],[174.73611,-35.48151],[174.73342,-35.48166],[174.73251,-35.48247],[174.73355,-35.48456],[174.73251,-35.48567],[174.73393,-35.48581],[174.73497,-35.48733],[174.73652,-35.48797],[174.73635,-35.48864],[174.73805,-35.48847],[174.73869,-35.48737],[174.74111,-35.4872],[174.74311,-35.48338],[174.74532,-35.48337],[174.74523,-35.48137],[174.74653,-35.47954],[174.74519,-35.4786],[174.74482,-35.47668],[174.74238,-35.47685],[174.7407,-35.47443],[174.73674,-35.4736]]],[[[174.73413,-35.44798],[174.73091,-35.44813],[174.73276,-35.44898],[174.73165,-35.45017],[174.73381,-35.4535],[174.7327,-35.45654],[174.73167,-35.45678],[174.73196,-35.45784],[174.73283,-35.45717],[174.7335,-35.45764],[174.73325,-35.45968],[174.73522,-35.46062],[174.73571,-35.46142],[174.73509,-35.46271],[174.7367,-35.46294],[174.73717,-35.46406],[174.73605,-35.46472],[174.73683,-35.46742],[174.73481,-35.46849],[174.73624,-35.47039],[174.73906,-35.46874],[174.73742,-35.46774],[174.73871,-35.46707],[174.73817,-35.46647],[174.74166,-35.46549],[174.74148,-35.46407],[174.74245,-35.46255],[174.74027,-35.46168],[174.74505,-35.46073],[174.74127,-35.45994],[174.74136,-35.45626],[174.73919,-35.45564],[174.74183,-35.45481],[174.74143,-35.45379],[174.74324,-35.4508],[174.73972,-35.45073],[174.74017,-35.44952],[174.73888,-35.44854],[174.74078,-35.44851],[174.73705,-35.4466],[174.7381,-35.4457],[174.73638,-35.44396],[174.73418,-35.44511],[174.7348,-35.44658],[174.73413,-35.44798]]]]}},{"type":"Feature","properties":{"id":2801270,"nombre":"Parininihi Marine Reserve","ley":"MARINE_RESERVES_ACT","area_ha":1844},"geometry":{"type":"Polygon","coordinates":[[[174.55081,-38.86512],[174.54926,-38.86701],[174.53929,-38.87412],[174.53718,-38.87659],[174.53029,-38.87209],[174.51223,-38.88659],[174.50746,-38.88442],[174.50281,-38.88707],[174.48116,-38.87291],[174.52412,-38.8367],[174.55685,-38.85809],[174.55533,-38.86037],[174.55599,-38.86031],[174.55563,-38.86117],[174.55215,-38.86314],[174.55081,-38.86512]]]}},{"type":"Feature","properties":{"id":2801503,"nombre":"Piopiotahi (Milford Sound) Marine Reserve","ley":"MARINE_RESERVES_ACT","area_ha":690},"geometry":{"type":"Polygon","coordinates":[[[167.92266,-44.66598],[167.91168,-44.67036],[167.90531,-44.63684],[167.85346,-44.60888],[167.81891,-44.59989],[167.82319,-44.60098],[167.82491,-44.60033],[167.82511,-44.60121],[167.82692,-44.60177],[167.8349,-44.60095],[167.84406,-44.6026],[167.84781,-44.6042],[167.85062,-44.60672],[167.85311,-44.60629],[167.85602,-44.60446],[167.86186,-44.60518],[167.86368,-44.60726],[167.87306,-44.61077],[167.87534,-44.61476],[167.88242,-44.62094],[167.88432,-44.62181],[167.88921,-44.62207],[167.89583,-44.6279],[167.90342,-44.62949],[167.90394,-44.62867],[167.90312,-44.62451],[167.90703,-44.6265],[167.90562,-44.62161],[167.9029,-44.61788],[167.90477,-44.61933],[167.90785,-44.6262],[167.90929,-44.62386],[167.91305,-44.62334],[167.91522,-44.62953],[167.91437,-44.6325],[167.91613,-44.63997],[167.91419,-44.64275],[167.91557,-44.6467],[167.91488,-44.65151],[167.91794,-44.65663],[167.92187,-44.65943],[167.92159,-44.66024],[167.92378,-44.66411],[167.92249,-44.66525],[167.92371,-44.66565],[167.92186,-44.6655],[167.92266,-44.66598]]]}},{"type":"Feature","properties":{"id":2801622,"nombre":"Taumoana (Five Finger Peninsula) Marine Reserve","ley":"MARINE_RESERVES_ACT","area_ha":1466},"geometry":{"type":"Polygon","coordinates":[[[166.49563,-45.71531],[166.49595,-45.71386],[166.49986,-45.70898],[166.50496,-45.70475],[166.51298,-45.69972],[166.5274,-45.68858],[166.53616,-45.68479],[166.54243,-45.67999],[166.54693,-45.67314],[166.55108,-45.66915],[166.54878,-45.66016],[166.54975,-45.65711],[166.55143,-45.65488],[166.55211,-45.65091],[166.553,-45.65146],[166.55302,-45.65319],[166.55469,-45.65566],[166.55357,-45.65701],[166.55409,-45.66036],[166.55545,-45.66115],[166.55678,-45.66367],[166.55669,-45.66746],[166.55301,-45.67186],[166.55317,-45.67534],[166.55195,-45.67684],[166.55541,-45.67605],[166.55268,-45.67749],[166.55257,-45.67909],[166.5544,-45.68096],[166.55468,-45.68317],[166.55726,-45.68462],[166.56313,-45.68538],[166.56595,-45.68713],[166.57001,-45.68784],[166.56968,-45.68862],[166.57134,-45.68921],[166.57153,-45.69021],[166.57296,-45.69036],[166.57396,-45.68947],[166.57643,-45.6905],[166.58088,-45.69084],[166.56862,-45.6929],[166.56617,-45.69123],[166.56411,-45.69211],[166.56221,-45.69121],[166.55995,-45.69219],[166.55981,-45.69381],[166.55709,-45.69499],[166.55276,-45.69414],[166.54962,-45.69162],[166.54736,-45.69183],[166.54633,-45.69221],[166.54506,-45.69452],[166.54488,-45.69584],[166.54661,-45.69645],[166.54553,-45.69846],[166.55061,-45.69763],[166.55467,-45.70131],[166.56231,-45.70172],[166.56986,-45.70048],[166.56904,-45.69891],[166.57064,-45.69639],[166.57472,-45.69506],[166.58238,-45.69595],[166.5833,-45.69705],[166.58034,-45.69798],[166.57583,-45.69769],[166.57505,-45.7004],[166.57276,-45.70061],[166.57111,-45.70176],[166.57163,-45.70256],[166.5739,-45.70268],[166.57381,-45.7043],[166.57772,-45.71002],[166.57474,-45.70985],[166.57124,-45.71347],[166.56834,-45.71347],[166.56694,-45.7145],[166.56542,-45.71342],[166.56545,-45.71512],[166.56305,-45.71444],[166.49563,-45.71531]],[[166.56593,-45.68885],[166.56497,-45.68933],[166.56602,-45.68919],[166.56593,-45.68885]],[[166.56732,-45.68776],[166.56652,-45.68824],[166.56733,-45.6883],[166.56732,-45.68776]],[[166.53891,-45.70403],[166.53999,-45.70404],[166.54023,-45.70366],[166.53891,-45.70403]],[[166.5655,-45.70233],[166.56554,-45.70175],[166.56465,-45.70176],[166.5655,-45.70233]],[[166.57169,-45.70287],[166.5703,-45.70324],[166.57158,-45.70325],[166.57169,-45.70287]],[[166.55429,-45.70951],[166.5535,-45.70976],[166.55481,-45.7102],[166.55429,-45.70951]],[[166.54417,-45.709],[166.5429,-45.70949],[166.54459,-45.70934],[166.54417,-45.709]],[[166.55456,-45.66712],[166.55256,-45.66786],[166.5539,-45.66792],[166.55456,-45.66712]],[[166.52622,-45.71075],[166.52678,-45.71149],[166.52814,-45.71024],[166.52622,-45.71075]],[[166.54395,-45.69717],[166.54306,-45.69842],[166.54459,-45.69871],[166.54395,-45.69717]],[[166.56804,-45.71286],[166.56895,-45.71229],[166.56797,-45.71122],[166.56689,-45.71241],[166.56804,-45.71286]],[[166.54421,-45.70854],[166.54519,-45.70911],[166.54602,-45.70832],[166.54791,-45.70833],[166.54467,-45.70735],[166.54392,-45.70775],[166.54421,-45.70854]],[[166.53773,-45.71075],[166.53846,-45.71128],[166.53955,-45.71069],[166.53899,-45.70894],[166.53698,-45.71006],[166.53773,-45.71075]],[[166.53574,-45.7035],[166.53402,-45.70283],[166.5345,-45.70213],[166.53375,-45.70169],[166.53072,-45.70226],[166.5313,-45.70295],[166.5334,-45.7029],[166.53334,-45.70378],[166.53574,-45.7035]],[[166.55433,-45.68949],[166.55954,-45.68955],[166.55998,-45.68899],[166.55805,-45.68706],[166.55444,-45.6874],[166.55322,-45.68846],[166.55092,-45.68716],[166.55048,-45.68795],[166.55433,-45.68949]],[[166.53205,-45.70962],[166.53399,-45.71006],[166.53346,-45.71084],[166.53399,-45.71115],[166.53604,-45.71032],[166.53771,-45.70893],[166.53727,-45.70829],[166.53942,-45.70472],[166.53674,-45.70593],[166.53596,-45.70459],[166.53056,-45.70471],[166.52972,-45.7062],[166.53125,-45.70622],[166.52784,-45.70902],[166.52858,-45.70918],[166.52825,-45.70987],[166.53024,-45.70967],[166.53041,-45.71021],[166.53205,-45.70962]],[[166.5566,-45.70509],[166.55524,-45.70691],[166.55368,-45.70646],[166.55428,-45.7074],[166.55158,-45.70623],[166.5527,-45.7074],[166.55087,-45.70795],[166.54866,-45.7058],[166.54687,-45.70745],[166.54835,-45.70831],[166.55409,-45.70854],[166.55369,-45.70917],[166.55525,-45.70993],[166.55947,-45.71109],[166.56393,-45.71091],[166.56281,-45.71175],[166.56364,-45.71292],[166.56609,-45.71263],[166.56595,-45.71095],[166.57006,-45.71066],[166.57085,-45.70974],[166.56992,-45.70799],[166.56818,-45.7082],[166.56526,-45.70664],[166.5566,-45.70509]]]}},{"type":"Feature","properties":{"id":2801623,"nombre":"Te Awaatu Channel (The Gut) Marine Reserve","ley":"MARINE_RESERVES_ACT","area_ha":93},"geometry":{"type":"Polygon","coordinates":[[[166.94389,-45.28748],[166.94604,-45.29177],[166.94581,-45.29321],[166.94728,-45.2941],[166.95095,-45.29456],[166.95312,-45.29648],[166.95517,-45.29684],[166.95748,-45.29511],[166.96014,-45.29707],[166.9496,-45.30461],[166.94776,-45.30374],[166.94819,-45.30144],[166.9436,-45.29395],[166.93937,-45.29399],[166.94389,-45.28748]]]}},{"type":"Feature","properties":{"id":2801625,"nombre":"Moana Uta (Wet Jacket Arm) Marine Reserve","ley":"MARINE_RESERVES_ACT","area_ha":2007},"geometry":{"type":"Polygon","coordinates":[[[166.73546,-45.66024],[166.73748,-45.65796],[166.74293,-45.65962],[166.74996,-45.65799],[166.76337,-45.65751],[166.76586,-45.6563],[166.77639,-45.65539],[166.77933,-45.65408],[166.78836,-45.65291],[166.79678,-45.64922],[166.8004,-45.64677],[166.80131,-45.64698],[166.79991,-45.64781],[166.80446,-45.64728],[166.80973,-45.64498],[166.80686,-45.64382],[166.81475,-45.64449],[166.81867,-45.6436],[166.83659,-45.63562],[166.85659,-45.62946],[166.85849,-45.63081],[166.86186,-45.63139],[166.86229,-45.63293],[166.86374,-45.634],[166.86793,-45.63474],[166.87692,-45.63241],[166.88064,-45.63244],[166.88724,-45.63018],[166.89086,-45.63134],[166.89385,-45.63057],[166.89365,-45.63223],[166.8944,-45.63272],[166.89551,-45.63219],[166.89522,-45.62922],[166.90166,-45.6291],[166.90997,-45.62656],[166.91256,-45.62644],[166.91824,-45.62803],[166.92186,-45.627],[166.92642,-45.62698],[166.93175,-45.62524],[166.93759,-45.6218],[166.94398,-45.61517],[166.94929,-45.61449],[166.95312,-45.6107],[166.96165,-45.60781],[166.96384,-45.60463],[166.96593,-45.60448],[166.967,-45.60341],[166.96673,-45.60423],[166.96967,-45.60438],[166.96369,-45.61061],[166.95531,-45.61456],[166.95434,-45.61741],[166.94928,-45.62028],[166.94407,-45.62512],[166.94341,-45.62747],[166.94201,-45.62859],[166.93797,-45.63065],[166.93475,-45.63129],[166.92076,-45.63243],[166.91733,-45.63181],[166.91115,-45.63544],[166.90974,-45.63758],[166.90615,-45.63989],[166.9015,-45.64037],[166.88907,-45.63825],[166.88022,-45.63991],[166.87927,-45.64173],[166.87651,-45.64393],[166.86905,-45.64515],[166.86401,-45.64402],[166.85971,-45.64427],[166.8555,-45.64245],[166.85593,-45.64387],[166.85839,-45.64396],[166.8579,-45.64495],[166.85154,-45.64581],[166.84764,-45.64741],[166.84069,-45.64802],[166.83838,-45.64957],[166.82232,-45.65387],[166.81637,-45.65688],[166.81589,-45.65476],[166.81405,-45.65484],[166.80605,-45.65926],[166.80304,-45.65775],[166.79965,-45.65846],[166.79923,-45.6593],[166.79502,-45.66091],[166.79344,-45.66029],[166.79076,-45.66171],[166.78062,-45.66253],[166.77751,-45.66352],[166.77871,-45.66388],[166.77802,-45.66418],[166.77066,-45.66335],[166.76595,-45.66438],[166.76456,-45.6661],[166.76039,-45.66749],[166.75651,-45.66677],[166.75181,-45.66769],[166.74944,-45.6718],[166.74556,-45.67344],[166.7429,-45.67605],[166.7403,-45.67712],[166.73813,-45.67968],[166.73431,-45.66462],[166.73649,-45.66293],[166.73623,-45.66177],[166.73498,-45.66185],[166.73546,-45.66024]],[[166.84873,-45.63573],[166.84586,-45.63654],[166.84552,-45.6374],[166.84989,-45.63908],[166.86072,-45.63791],[166.86234,-45.63699],[166.86113,-45.63602],[166.85884,-45.63579],[166.84873,-45.63573]]]}},{"type":"Feature","properties":{"id":2801632,"nombre":"Kahukura (Gold Arm) Marine Reserve","ley":"MARINE_RESERVES_ACT","area_ha":464},"geometry":{"type":"Polygon","coordinates":[[[167.13183,-45.10177],[167.14057,-45.10296],[167.13968,-45.10359],[167.13856,-45.1082],[167.14425,-45.1162],[167.14568,-45.12247],[167.1437,-45.12421],[167.14406,-45.12486],[167.14154,-45.12464],[167.14329,-45.12894],[167.146,-45.13187],[167.14307,-45.13243],[167.1428,-45.13402],[167.14838,-45.13574],[167.14895,-45.13663],[167.15151,-45.13662],[167.15192,-45.1373],[167.15064,-45.13739],[167.15119,-45.13797],[167.15605,-45.13828],[167.15627,-45.13909],[167.15814,-45.13978],[167.16167,-45.14007],[167.16248,-45.14166],[167.16456,-45.14268],[167.1684,-45.1429],[167.16773,-45.14383],[167.16948,-45.14532],[167.17087,-45.14842],[167.16851,-45.14924],[167.16919,-45.15118],[167.17017,-45.15061],[167.17052,-45.1513],[167.16874,-45.15249],[167.16904,-45.1535],[167.1658,-45.15277],[167.16462,-45.15097],[167.16508,-45.15006],[167.16343,-45.14825],[167.16337,-45.14663],[167.16036,-45.14483],[167.15939,-45.14467],[167.15858,-45.14635],[167.15629,-45.14675],[167.15387,-45.14498],[167.15147,-45.14511],[167.14672,-45.1433],[167.14578,-45.14231],[167.14612,-45.14124],[167.14226,-45.13975],[167.1391,-45.13718],[167.13765,-45.13393],[167.13622,-45.13268],[167.13529,-45.13358],[167.13475,-45.13202],[167.13247,-45.13074],[167.1318,-45.12904],[167.134,-45.12723],[167.13255,-45.12407],[167.13366,-45.12374],[167.13372,-45.12291],[167.13522,-45.1231],[167.1359,-45.12201],[167.13357,-45.1203],[167.13371,-45.11919],[167.13256,-45.11827],[167.13253,-45.11612],[167.13069,-45.11261],[167.13079,-45.11112],[167.12854,-45.10777],[167.13165,-45.10325],[167.13183,-45.10177]]]}},{"type":"Feature","properties":{"id":2803214,"nombre":"Horoirangi Marine Reserve","ley":"MARINE_RESERVES_ACT","area_ha":903.7},"geometry":{"type":"Polygon","coordinates":[[[173.36334,-41.18416],[173.34881,-41.17162],[173.35181,-41.16912],[173.35654,-41.1624],[173.36346,-41.15858],[173.37996,-41.15193],[173.38292,-41.15005],[173.39165,-41.14153],[173.40492,-41.15298],[173.40289,-41.1566],[173.40189,-41.1565],[173.39602,-41.16317],[173.38744,-41.16829],[173.37335,-41.17349],[173.36598,-41.18215],[173.36334,-41.18416]]]}},{"type":"Feature","properties":{"id":2803621,"nombre":"Long Island - Kokomohua Marine Reserve","ley":"MARINE_RESERVES_ACT","area_ha":619},"geometry":{"type":"Polygon","coordinates":[[[174.31694,-41.09509],[174.31843,-41.09602],[174.31862,-41.0987],[174.31301,-41.10431],[174.30722,-41.10735],[174.30335,-41.11151],[174.29931,-41.11361],[174.29369,-41.11891],[174.28554,-41.11941],[174.28194,-41.12346],[174.27924,-41.12472],[174.27516,-41.13237],[174.27046,-41.13581],[174.26749,-41.13687],[174.26544,-41.13669],[174.2634,-41.13619],[174.26104,-41.13406],[174.26178,-41.12942],[174.26416,-41.12559],[174.26371,-41.12313],[174.26461,-41.12034],[174.27788,-41.10951],[174.28367,-41.10636],[174.28938,-41.1063],[174.29303,-41.10514],[174.31078,-41.09405],[174.31404,-41.0937],[174.31694,-41.09509]],[[174.30672,-41.10283],[174.30723,-41.10274],[174.30703,-41.10264],[174.30672,-41.10283]],[[174.30619,-41.10325],[174.30601,-41.10299],[174.30499,-41.10373],[174.30619,-41.10325]],[[174.30906,-41.10173],[174.30881,-41.10079],[174.30736,-41.10246],[174.30906,-41.10173]],[[174.30149,-41.10581],[174.29389,-41.10992],[174.29045,-41.11087],[174.28536,-41.11065],[174.2767,-41.11631],[174.26967,-41.12316],[174.27112,-41.12524],[174.2671,-41.1327],[174.27174,-41.12954],[174.27415,-41.12526],[174.27397,-41.12311],[174.2794,-41.12004],[174.27964,-41.11734],[174.2861,-41.11431],[174.29085,-41.11508],[174.29139,-41.11376],[174.29403,-41.11176],[174.30028,-41.10832],[174.30149,-41.10581]]]}},{"type":"Feature","properties":{"id":2795063,"nombre":"Auckland Islands - Motu Maha Marine Reserve","ley":"MARINE_RESERVES_ACT","area_ha":498000},"geometry":{"type":"Polygon","coordinates":[[[166.65653,-50.49531],[166.66742,-50.51747],[166.67134,-50.52881],[166.67421,-50.54028],[166.67604,-50.55184],[166.67681,-50.56344],[166.67652,-50.57505],[166.67518,-50.58664],[166.67277,-50.59815],[166.66486,-50.62095],[166.65935,-50.63216],[166.64527,-50.65387],[166.63674,-50.66429],[166.61687,-50.68409],[166.60558,-50.69339],[166.58052,-50.71066],[166.55772,-50.72851],[166.53183,-50.74457],[166.53233,-50.74676],[166.54557,-50.76814],[166.55486,-50.79034],[166.55799,-50.80166],[166.56008,-50.81307],[166.56114,-50.82454],[166.56115,-50.83603],[166.56012,-50.8475],[166.55268,-50.88101],[166.54539,-50.90224],[166.53449,-50.92285],[166.5201,-50.94259],[166.50238,-50.96122],[166.49235,-50.97004],[166.47525,-50.98973],[166.45475,-51.00808],[166.4311,-51.02486],[166.40459,-51.03985],[166.39038,-51.04662],[166.33015,-51.07148],[166.30177,-51.08614],[166.28662,-51.09267],[166.25463,-51.10401],[166.22075,-51.11293],[166.18594,-51.11975],[166.15228,-51.1246],[166.1197,-51.12737],[166.08513,-51.12876],[166.04875,-51.1284],[166.03065,-51.12723],[165.99491,-51.12294],[165.9774,-51.11983],[165.94338,-51.11174],[165.9278,-51.10975],[165.89721,-51.10431],[165.86765,-51.09696],[165.85335,-51.09259],[165.81992,-51.08492],[165.78808,-51.07493],[165.75823,-51.06275],[165.74417,-51.05589],[165.71801,-51.04072],[165.69472,-51.0238],[165.6746,-51.00533],[165.66452,-50.9977],[165.64624,-50.98152],[165.63133,-50.9662],[165.60136,-50.93288],[165.58703,-50.91257],[165.57638,-50.89137],[165.56878,-50.86744],[165.56359,-50.8561],[165.55947,-50.84459],[165.55644,-50.83295],[165.5545,-50.82122],[165.55339,-50.79877],[165.55402,-50.78811],[165.55797,-50.76695],[165.56545,-50.74616],[165.56819,-50.73489],[165.57195,-50.72372],[165.58242,-50.7019],[165.58911,-50.69131],[165.60527,-50.67094],[165.61469,-50.66122],[165.63606,-50.64289],[165.63332,-50.6313],[165.63164,-50.61963],[165.63105,-50.60792],[165.63154,-50.59621],[165.63311,-50.58453],[165.63575,-50.57293],[165.63945,-50.56146],[165.64419,-50.55013],[165.65676,-50.52812],[165.67328,-50.50719],[165.6935,-50.48764],[165.70492,-50.47846],[165.72906,-50.46166],[165.75486,-50.44685],[165.76868,-50.44015],[165.78765,-50.41961],[165.79853,-50.40992],[165.8229,-50.39186],[165.8363,-50.38356],[165.86529,-50.36856],[165.88078,-50.36191],[165.91346,-50.35044],[165.93054,-50.34565],[165.97098,-50.33618],[166.01149,-50.32373],[166.04681,-50.31618],[166.08327,-50.31137],[166.10177,-50.31001],[166.13898,-50.30941],[166.16701,-50.30191],[166.19671,-50.29579],[166.24513,-50.2888],[166.28005,-50.28578],[166.29765,-50.28523],[166.33285,-50.28602],[166.3677,-50.28934],[166.40175,-50.29514],[166.41834,-50.29896],[166.45085,-50.30803],[166.48205,-50.31912],[166.51108,-50.3324],[166.52466,-50.33982],[166.54989,-50.35531],[166.56145,-50.36371],[166.5823,-50.38168],[166.59151,-50.39119],[166.60739,-50.41113],[166.6205,-50.43236],[166.62561,-50.44329],[166.63286,-50.46396],[166.64959,-50.48458],[166.65653,-50.49531]],[[166.13787,-50.50963],[166.13806,-50.50964],[166.13798,-50.50958],[166.13787,-50.50963]],[[166.1371,-50.51233],[166.13711,-50.51254],[166.13716,-50.51233],[166.1371,-50.51233]],[[166.09267,-50.52689],[166.09279,-50.52692],[166.09279,-50.52683],[166.09267,-50.52689]],[[166.13671,-50.51236],[166.13653,-50.51239],[166.13655,-50.51251],[166.13671,-50.51236]],[[166.13706,-50.51047],[166.13703,-50.51033],[166.1369,-50.5104],[166.13706,-50.51047]],[[165.8997,-50.76191],[165.89958,-50.76184],[165.8995,-50.76203],[165.8997,-50.76191]],[[166.08393,-50.52739],[166.08422,-50.52742],[166.08405,-50.52732],[166.08393,-50.52739]],[[166.09325,-50.52651],[166.09349,-50.52646],[166.09327,-50.52641],[166.09325,-50.52651]],[[166.30903,-50.52973],[166.30933,-50.52975],[166.30901,-50.52961],[166.30903,-50.52973]],[[166.06818,-50.64563],[166.06802,-50.6456],[166.06788,-50.64573],[166.06818,-50.64563]],[[166.08881,-50.6029],[166.08858,-50.60301],[166.08886,-50.60297],[166.08881,-50.6029]],[[166.29003,-50.53983],[166.29038,-50.53979],[166.29019,-50.53973],[166.29003,-50.53983]],[[166.32488,-50.59207],[166.3246,-50.59215],[166.32502,-50.59213],[166.32488,-50.59207]],[[166.25944,-50.50637],[166.25966,-50.50623],[166.25953,-50.50617],[166.25944,-50.50637]],[[166.26527,-50.55092],[166.26557,-50.55093],[166.26542,-50.55079],[166.26527,-50.55092]],[[166.21366,-50.59975],[166.2133,-50.59981],[166.21346,-50.59989],[166.21366,-50.59975]],[[165.88035,-50.7693],[165.88007,-50.76933],[165.88009,-50.76948],[165.88035,-50.7693]],[[166.08338,-50.54491],[166.08314,-50.54488],[166.08306,-50.545],[166.08338,-50.54491]],[[166.33207,-50.56632],[166.33231,-50.56625],[166.33215,-50.56609],[166.33207,-50.56632]],[[166.09512,-50.56677],[166.09535,-50.56675],[166.09537,-50.56658],[166.09512,-50.56677]],[[166.30952,-50.53313],[166.30978,-50.53314],[166.30978,-50.53299],[166.30952,-50.53313]],[[166.2838,-50.54403],[166.28407,-50.54394],[166.28388,-50.54383],[166.2838,-50.54403]],[[166.32428,-50.59365],[166.32423,-50.59387],[166.32444,-50.59371],[166.32428,-50.59365]],[[166.32417,-50.59291],[166.32397,-50.5931],[166.32429,-50.59297],[166.32417,-50.59291]],[[166.08665,-50.60833],[166.08682,-50.60848],[166.08702,-50.60832],[166.08665,-50.60833]],[[166.27928,-50.54781],[166.27963,-50.54778],[166.27938,-50.54766],[166.27928,-50.54781]],[[166.09746,-50.58632],[166.09725,-50.58626],[166.09715,-50.58647],[166.09746,-50.58632]],[[165.97412,-50.72508],[165.97389,-50.7251],[165.97399,-50.72539],[165.97412,-50.72508]],[[166.21224,-50.6005],[166.21201,-50.60069],[166.21231,-50.60064],[166.21224,-50.6005]],[[165.99375,-50.72355],[165.99357,-50.72369],[165.99395,-50.72372],[165.99375,-50.72355]],[[166.09442,-50.55162],[166.094,-50.5517],[166.09428,-50.55177],[166.09442,-50.55162]],[[166.20387,-50.66187],[166.20413,-50.66185],[166.20403,-50.66166],[166.20387,-50.66187]],[[166.08629,-50.6124],[166.0862,-50.61251],[166.08671,-50.61235],[166.08629,-50.6124]],[[165.9558,-50.6052],[165.95551,-50.6054],[165.95583,-50.60537],[165.9558,-50.6052]],[[166.08023,-50.61675],[166.08059,-50.61672],[166.08042,-50.61658],[166.08023,-50.61675]],[[165.98945,-50.60887],[165.98984,-50.6088],[165.98959,-50.6087],[165.98945,-50.60887]],[[165.95438,-50.73991],[165.95402,-50.73986],[165.95396,-50.74],[165.95438,-50.73991]],[[166.15993,-50.5216],[166.16031,-50.52153],[166.16008,-50.52145],[166.15993,-50.5216]],[[166.22135,-50.59108],[166.22163,-50.59108],[166.22165,-50.59086],[166.22135,-50.59108]],[[166.00103,-50.90862],[166.00099,-50.90836],[166.00077,-50.90847],[166.00103,-50.90862]],[[166.01155,-50.90981],[166.01207,-50.90981],[166.01165,-50.90969],[166.01155,-50.90981]],[[165.89528,-50.76355],[165.89499,-50.76354],[165.89499,-50.76376],[165.89528,-50.76355]],[[165.96001,-50.74015],[165.96043,-50.74012],[165.96022,-50.74],[165.96001,-50.74015]],[[165.96932,-50.61379],[165.96966,-50.61364],[165.96932,-50.61364],[165.96932,-50.61379]],[[165.95322,-50.74436],[165.95365,-50.74424],[165.95341,-50.74416],[165.95322,-50.74436]],[[165.95551,-50.88209],[165.9552,-50.88221],[165.95555,-50.8823],[165.95551,-50.88209]],[[165.9068,-50.75916],[165.90668,-50.75898],[165.9065,-50.7591],[165.9068,-50.75916]],[[166.06552,-50.52787],[166.06532,-50.52811],[166.0657,-50.52802],[166.06552,-50.52787]],[[166.24318,-50.51378],[166.24309,-50.51391],[166.24347,-50.51398],[166.24318,-50.51378]],[[166.08008,-50.52865],[166.08037,-50.5287],[166.08053,-50.52853],[166.08008,-50.52865]],[[166.08776,-50.6034],[166.08806,-50.60343],[166.08809,-50.60321],[166.08776,-50.6034]],[[165.99501,-50.724],[165.99481,-50.72401],[165.9951,-50.72426],[165.99501,-50.724]],[[165.9519,-50.60458],[165.95216,-50.60446],[165.95188,-50.60435],[165.9519,-50.60458]],[[166.08952,-50.60262],[166.08915,-50.60272],[166.08941,-50.60283],[166.08952,-50.60262]],[[166.12827,-50.51268],[166.12846,-50.51282],[166.12867,-50.51265],[166.12827,-50.51268]],[[166.09598,-50.56617],[166.09658,-50.56615],[166.09623,-50.566],[166.09598,-50.56617]],[[166.29198,-50.53975],[166.29243,-50.53969],[166.29199,-50.53956],[166.29198,-50.53975]],[[166.201,-50.63593],[166.20074,-50.63614],[166.20104,-50.63614],[166.201,-50.63593]],[[166.09534,-50.55586],[166.0951,-50.5559],[166.09541,-50.55614],[166.09534,-50.55586]],[[165.97516,-50.60038],[165.97489,-50.60046],[165.97493,-50.60066],[165.97516,-50.60038]],[[166.19101,-50.64644],[166.19069,-50.64643],[166.19074,-50.64662],[166.19101,-50.64644]],[[166.09706,-50.59441],[166.09675,-50.59457],[166.09711,-50.59461],[166.09706,-50.59441]],[[166.1979,-50.63898],[166.1984,-50.639],[166.19797,-50.63884],[166.1979,-50.63898]],[[166.094,-50.56733],[166.09425,-50.56729],[166.09427,-50.56698],[166.094,-50.56733]],[[166.16816,-50.52087],[166.16798,-50.52116],[166.16825,-50.52106],[166.16816,-50.52087]],[[165.88699,-50.77575],[165.8866,-50.77586],[165.88671,-50.77599],[165.88699,-50.77575]],[[166.12877,-50.50907],[166.12866,-50.50861],[166.12855,-50.50906],[166.12877,-50.50907]],[[166.21032,-50.65784],[166.21071,-50.65778],[166.21038,-50.65766],[166.21032,-50.65784]],[[166.08718,-50.60385],[166.08758,-50.60389],[166.08731,-50.60365],[166.08718,-50.60385]],[[166.24201,-50.51348],[166.24226,-50.51369],[166.24249,-50.51358],[166.24201,-50.51348]],[[166.19091,-50.64951],[166.19135,-50.64949],[166.19096,-50.64935],[166.19091,-50.64951]],[[166.08376,-50.54482],[166.08355,-50.54486],[166.08351,-50.54514],[166.08376,-50.54482]],[[165.95585,-50.88688],[165.95542,-50.88679],[165.95554,-50.88698],[165.95585,-50.88688]],[[165.95831,-50.60243],[165.95866,-50.60226],[165.95832,-50.60221],[165.95831,-50.60243]],[[166.07088,-50.63165],[166.07068,-50.6316],[166.07068,-50.63198],[166.07088,-50.63165]],[[165.96837,-50.731],[165.96821,-50.73131],[165.96846,-50.73125],[165.96837,-50.731]],[[166.00388,-50.90933],[166.00436,-50.90918],[166.00394,-50.90912],[166.00388,-50.90933]],[[166.23101,-50.60352],[166.2315,-50.60343],[166.23116,-50.60334],[166.23101,-50.60352]],[[165.99338,-50.72357],[165.99318,-50.72333],[165.99299,-50.72354],[165.99338,-50.72357]],[[166.32429,-50.59179],[166.32472,-50.59175],[166.32413,-50.5916],[166.32429,-50.59179]],[[165.95183,-50.8794],[165.95154,-50.8794],[165.95139,-50.87966],[165.95183,-50.8794]],[[166.27351,-50.50402],[166.27348,-50.50387],[166.27285,-50.50398],[166.27351,-50.50402]],[[165.98929,-50.60143],[165.98891,-50.6017],[165.98934,-50.60161],[165.98929,-50.60143]],[[165.93599,-50.75226],[165.93562,-50.75221],[165.9355,-50.7524],[165.93599,-50.75226]],[[166.21112,-50.59544],[166.21164,-50.59531],[166.21129,-50.59526],[166.21112,-50.59544]],[[166.07609,-50.62383],[166.07575,-50.62372],[166.07561,-50.62395],[166.07609,-50.62383]],[[165.97494,-50.60123],[165.97518,-50.60121],[165.97516,-50.60092],[165.97494,-50.60123]],[[166.12619,-50.51268],[166.12587,-50.51277],[166.12611,-50.51303],[166.12619,-50.51268]],[[166.03619,-50.70877],[166.03579,-50.70895],[166.03622,-50.70895],[166.03619,-50.70877]],[[166.09461,-50.55212],[166.09415,-50.55219],[166.09433,-50.55234],[166.09461,-50.55212]],[[166.07069,-50.63027],[166.0706,-50.62999],[166.07024,-50.63012],[166.07069,-50.63027]],[[166.02985,-50.71298],[166.02959,-50.71309],[166.02986,-50.71338],[166.02985,-50.71298]],[[165.88748,-50.8283],[165.88703,-50.82831],[165.88702,-50.8285],[165.88748,-50.8283]],[[166.1723,-50.66895],[166.17269,-50.66894],[166.17238,-50.6687],[166.1723,-50.66895]],[[166.16039,-50.52134],[166.1607,-50.52143],[166.16093,-50.52129],[166.16039,-50.52134]],[[166.0904,-50.6016],[166.09007,-50.60173],[166.09059,-50.60178],[166.0904,-50.6016]],[[165.96015,-50.60749],[165.95981,-50.60765],[165.96011,-50.60775],[165.96015,-50.60749]],[[166.09523,-50.57507],[166.09478,-50.57518],[166.09518,-50.57531],[166.09523,-50.57507]],[[165.9577,-50.73925],[165.95735,-50.73916],[165.95764,-50.73952],[165.9577,-50.73925]],[[166.04623,-50.70006],[166.0459,-50.70021],[166.04623,-50.70036],[166.04623,-50.70006]],[[166.32101,-50.49231],[166.32123,-50.49238],[166.32146,-50.49212],[166.32101,-50.49231]],[[166.00232,-50.90932],[166.00207,-50.90917],[166.00202,-50.90947],[166.00232,-50.90932]],[[166.09341,-50.52703],[166.09317,-50.52723],[166.09362,-50.52726],[166.09341,-50.52703]],[[166.24543,-50.82973],[166.24595,-50.8296],[166.24565,-50.82948],[166.24543,-50.82973]],[[166.00166,-50.90829],[166.00196,-50.90827],[166.00187,-50.90793],[166.00166,-50.90829]],[[166.10698,-50.73812],[166.10742,-50.73806],[166.10717,-50.73786],[166.10698,-50.73812]],[[166.05231,-50.53348],[166.05203,-50.53341],[166.05194,-50.53371],[166.05231,-50.53348]],[[166.02745,-50.71508],[166.02708,-50.71505],[166.0274,-50.71535],[166.02745,-50.71508]],[[166.02274,-50.60379],[166.02254,-50.604],[166.02303,-50.60401],[166.02274,-50.60379]],[[166.27626,-50.56278],[166.27578,-50.56289],[166.2761,-50.56297],[166.27626,-50.56278]],[[166.09658,-50.58],[166.09633,-50.5801],[166.09657,-50.58039],[166.09658,-50.58]],[[166.16414,-50.52134],[166.16438,-50.52141],[166.16464,-50.52117],[166.16414,-50.52134]],[[166.07186,-50.6485],[166.07157,-50.64841],[166.07144,-50.64874],[166.07186,-50.6485]],[[165.88666,-50.77656],[165.88625,-50.77661],[165.88669,-50.77678],[165.88666,-50.77656]],[[166.04715,-50.70148],[166.04732,-50.70128],[166.04679,-50.70121],[166.04715,-50.70148]],[[165.95819,-50.74008],[165.95857,-50.73994],[165.95811,-50.73981],[165.95819,-50.74008]],[[166.07106,-50.65445],[166.07068,-50.65442],[166.07088,-50.65467],[166.07106,-50.65445]],[[166.34507,-50.56768],[166.34579,-50.56752],[166.345,-50.56755],[166.34507,-50.56768]],[[165.97016,-50.73213],[165.96976,-50.73214],[165.97022,-50.73242],[165.97016,-50.73213]],[[165.97894,-50.61036],[165.97935,-50.61032],[165.97933,-50.61008],[165.97894,-50.61036]],[[165.92408,-50.87358],[165.92378,-50.87355],[165.92371,-50.87385],[165.92408,-50.87358]],[[165.99046,-50.60862],[165.99102,-50.60844],[165.99074,-50.60837],[165.99046,-50.60862]],[[166.01393,-50.90936],[166.01371,-50.90923],[166.01335,-50.90944],[166.01393,-50.90936]],[[166.27609,-50.56337],[166.27669,-50.56326],[166.27639,-50.56315],[166.27609,-50.56337]],[[166.16714,-50.5219],[166.16743,-50.52193],[166.16769,-50.52158],[166.16714,-50.5219]],[[166.26463,-50.4937],[166.26413,-50.49378],[166.26476,-50.49392],[166.26463,-50.4937]],[[166.08513,-50.54676],[166.08435,-50.54685],[166.08455,-50.54695],[166.08513,-50.54676]],[[166.23678,-50.51305],[166.23676,-50.51322],[166.23733,-50.51315],[166.23678,-50.51305]],[[166.26029,-50.50642],[166.25969,-50.50651],[166.25974,-50.50671],[166.26029,-50.50642]],[[166.09328,-50.59905],[166.09292,-50.59914],[166.09287,-50.59944],[166.09328,-50.59905]],[[166.05615,-50.5313],[166.05664,-50.53118],[166.05614,-50.53109],[166.05615,-50.5313]],[[165.87852,-50.77015],[165.87846,-50.7699],[165.87806,-50.7698],[165.87852,-50.77015]],[[165.8811,-50.77059],[165.88064,-50.77034],[165.8809,-50.77073],[165.8811,-50.77059]],[[165.99817,-50.6049],[165.99791,-50.60496],[165.99811,-50.60545],[165.99817,-50.6049]],[[165.87518,-50.80985],[165.87488,-50.81017],[165.87533,-50.81004],[165.87518,-50.80985]],[[165.99398,-50.86404],[165.9944,-50.86398],[165.99392,-50.86376],[165.99398,-50.86404]],[[166.2757,-50.53924],[166.27523,-50.53938],[166.27574,-50.53951],[166.2757,-50.53924]],[[166.32699,-50.59355],[166.32756,-50.59332],[166.32707,-50.59332],[166.32699,-50.59355]],[[166.32387,-50.5925],[166.32411,-50.59267],[166.32444,-50.59244],[166.32387,-50.5925]],[[166.28221,-50.56943],[166.28295,-50.56939],[166.28237,-50.56923],[166.28221,-50.56943]],[[166.20477,-50.7089],[166.20438,-50.70879],[166.20426,-50.70908],[166.20477,-50.7089]],[[166.32018,-50.49068],[166.32089,-50.49073],[166.32047,-50.49052],[166.32018,-50.49068]],[[166.19131,-50.69535],[166.19156,-50.6956],[166.19194,-50.69548],[166.19131,-50.69535]],[[165.87222,-50.80061],[165.87173,-50.80099],[165.87208,-50.80101],[165.87222,-50.80061]],[[166.21765,-50.54628],[166.21798,-50.54598],[166.21748,-50.54602],[166.21765,-50.54628]],[[165.87892,-50.77006],[165.87956,-50.7697],[165.87896,-50.76981],[165.87892,-50.77006]],[[165.89985,-50.76264],[165.90023,-50.76251],[165.89993,-50.76224],[165.89985,-50.76264]],[[166.0959,-50.59481],[166.09545,-50.59504],[166.096,-50.59505],[166.0959,-50.59481]],[[166.16867,-50.52083],[166.16885,-50.5211],[166.16908,-50.52065],[166.16867,-50.52083]],[[166.08641,-50.60427],[166.08651,-50.60458],[166.08705,-50.60443],[166.08641,-50.60427]],[[165.91257,-50.86843],[165.9117,-50.86872],[165.91228,-50.86867],[165.91257,-50.86843]],[[165.87004,-50.80504],[165.86941,-50.80478],[165.86957,-50.8051],[165.87004,-50.80504]],[[165.97019,-50.60011],[165.96979,-50.59967],[165.9699,-50.60019],[165.97019,-50.60011]],[[165.88704,-50.7745],[165.88652,-50.77472],[165.88694,-50.77478],[165.88704,-50.7745]],[[166.09354,-50.56606],[166.09415,-50.56603],[166.09355,-50.56574],[166.09354,-50.56606]],[[166.07002,-50.5268],[166.0702,-50.52643],[166.06978,-50.52654],[166.07002,-50.5268]],[[165.95439,-50.88277],[165.9537,-50.88295],[165.95427,-50.88305],[165.95439,-50.88277]],[[166.07912,-50.54607],[166.07899,-50.54577],[166.0786,-50.54608],[166.07912,-50.54607]],[[166.0558,-50.91745],[166.05532,-50.91732],[166.05501,-50.91759],[166.0558,-50.91745]],[[165.95147,-50.6046],[165.95089,-50.60446],[165.95169,-50.60495],[165.95147,-50.6046]],[[166.07812,-50.61762],[166.07902,-50.61763],[166.07837,-50.61747],[166.07812,-50.61762]],[[166.07599,-50.65858],[166.07505,-50.65852],[166.07572,-50.65882],[166.07599,-50.65858]],[[166.07034,-50.64996],[166.06995,-50.65028],[166.07051,-50.65032],[166.07034,-50.64996]],[[166.25662,-50.50273],[166.2562,-50.50285],[166.25643,-50.50319],[166.25662,-50.50273]],[[165.96878,-50.60255],[165.96878,-50.60292],[165.96932,-50.60243],[165.96878,-50.60255]],[[166.07342,-50.66154],[166.07307,-50.66167],[166.07381,-50.66183],[166.07342,-50.66154]],[[166.09758,-50.58575],[166.09678,-50.58574],[166.09682,-50.58599],[166.09758,-50.58575]],[[165.94525,-50.60632],[165.94491,-50.60674],[165.94525,-50.60682],[165.94525,-50.60632]],[[166.04766,-50.5306],[166.04688,-50.53082],[166.04736,-50.53092],[166.04766,-50.5306]],[[165.88557,-50.77318],[165.88505,-50.77326],[165.88534,-50.77351],[165.88557,-50.77318]],[[166.13209,-50.5089],[166.13215,-50.50932],[166.1326,-50.50894],[166.13209,-50.5089]],[[166.06862,-50.63346],[166.0682,-50.63338],[166.06805,-50.6339],[166.06862,-50.63346]],[[166.05296,-50.53119],[166.0535,-50.53069],[166.05307,-50.53077],[166.05296,-50.53119]],[[165.99842,-50.90673],[165.99774,-50.90699],[165.99815,-50.90724],[165.99842,-50.90673]],[[166.2473,-50.50344],[166.24658,-50.50344],[166.2474,-50.50373],[166.2473,-50.50344]],[[166.06961,-50.63337],[166.07038,-50.63298],[166.06987,-50.63297],[166.06961,-50.63337]],[[166.08719,-50.60344],[166.08758,-50.60308],[166.08696,-50.60315],[166.08719,-50.60344]],[[165.9549,-50.88887],[165.95423,-50.88896],[165.95416,-50.88925],[165.9549,-50.88887]],[[166.21362,-50.51557],[166.2146,-50.51535],[166.21379,-50.51531],[166.21362,-50.51557]],[[166.21503,-50.59973],[166.21549,-50.59951],[166.21494,-50.5993],[166.21503,-50.59973]],[[166.07777,-50.61852],[166.0785,-50.61813],[166.07777,-50.61825],[166.07777,-50.61852]],[[166.00304,-50.72231],[166.00334,-50.72225],[166.00319,-50.72161],[166.00304,-50.72231]],[[165.93214,-50.87153],[165.93102,-50.8722],[165.93195,-50.8719],[165.93214,-50.87153]],[[165.88389,-50.84019],[165.88287,-50.84055],[165.88352,-50.84056],[165.88389,-50.84019]],[[166.00892,-50.71844],[166.00966,-50.71876],[166.00933,-50.71829],[166.00892,-50.71844]],[[165.90463,-50.8559],[165.90486,-50.85607],[165.90532,-50.85551],[165.90463,-50.8559]],[[165.97567,-50.60098],[165.9763,-50.60075],[165.97647,-50.60035],[165.97567,-50.60098]],[[165.97396,-50.60124],[165.97384,-50.6009],[165.9731,-50.6012],[165.97396,-50.60124]],[[166.0852,-50.66657],[166.08435,-50.66629],[166.08472,-50.66666],[166.0852,-50.66657]],[[166.2128,-50.51632],[166.21373,-50.51591],[166.21324,-50.51591],[166.2128,-50.51632]],[[166.08619,-50.52336],[166.08631,-50.52282],[166.0854,-50.52356],[166.08619,-50.52336]],[[165.88455,-50.8398],[165.88468,-50.83928],[165.88397,-50.83985],[165.88455,-50.8398]],[[165.9165,-50.83247],[165.91665,-50.83202],[165.91579,-50.83245],[165.9165,-50.83247]],[[166.07225,-50.68611],[166.07186,-50.68628],[166.07267,-50.68669],[166.07225,-50.68611]],[[166.0791,-50.6643],[166.07997,-50.6644],[166.07951,-50.664],[166.0791,-50.6643]],[[166.28071,-50.56252],[166.27985,-50.56242],[166.28045,-50.56305],[166.28071,-50.56252]],[[165.99962,-50.91447],[165.99894,-50.91441],[165.99893,-50.91489],[165.99962,-50.91447]],[[166.09026,-50.55817],[166.08986,-50.55823],[166.08974,-50.55901],[166.09026,-50.55817]],[[166.07085,-50.63519],[166.07008,-50.63544],[166.0705,-50.63571],[166.07085,-50.63519]],[[165.926,-50.75911],[165.92534,-50.75925],[165.92639,-50.75951],[165.926,-50.75911]],[[166.08367,-50.52638],[166.08502,-50.5258],[166.08415,-50.526],[166.08367,-50.52638]],[[165.99655,-50.90804],[165.99705,-50.90722],[165.99652,-50.90732],[165.99655,-50.90804]],[[165.94763,-50.7449],[165.94719,-50.74507],[165.94727,-50.74572],[165.94763,-50.7449]],[[166.09635,-50.5682],[166.09566,-50.5682],[166.09536,-50.56869],[166.09635,-50.5682]],[[166.06433,-50.69052],[166.06505,-50.69052],[166.06439,-50.69005],[166.06433,-50.69052]],[[165.94644,-50.74665],[165.94579,-50.74704],[165.9465,-50.74714],[165.94644,-50.74665]],[[165.99313,-50.60769],[165.99232,-50.60779],[165.99205,-50.60823],[165.99313,-50.60769]],[[166.20647,-50.66364],[166.20676,-50.66319],[166.20593,-50.66331],[166.20647,-50.66364]],[[166.1376,-50.51026],[166.13811,-50.51042],[166.13857,-50.50982],[166.1376,-50.51026]],[[165.96256,-50.61127],[165.96051,-50.61172],[165.96249,-50.61149],[165.96256,-50.61127]],[[165.93672,-50.873],[165.9366,-50.87269],[165.93568,-50.87354],[165.93672,-50.873]],[[166.08619,-50.613],[166.08556,-50.61392],[166.08647,-50.61364],[166.08619,-50.613]],[[166.07145,-50.66397],[166.07093,-50.66351],[166.0703,-50.66375],[166.07145,-50.66397]],[[166.08738,-50.52338],[166.08812,-50.52329],[166.08839,-50.5226],[166.08738,-50.52338]],[[165.90308,-50.86323],[165.90468,-50.86269],[165.90355,-50.86287],[165.90308,-50.86323]],[[166.05251,-50.53232],[166.05235,-50.5321],[166.05191,-50.53295],[166.05251,-50.53232]],[[165.90629,-50.75981],[165.90519,-50.76025],[165.90603,-50.76024],[165.90629,-50.75981]],[[166.09999,-50.58191],[166.09931,-50.58251],[166.10028,-50.58243],[166.09999,-50.58191]],[[166.22621,-50.53675],[166.22788,-50.53643],[166.22806,-50.5361],[166.22621,-50.53675]],[[166.00242,-50.60813],[166.00149,-50.60873],[166.00206,-50.60884],[166.00242,-50.60813]],[[165.88745,-50.8306],[165.88672,-50.83101],[165.88663,-50.83173],[165.88745,-50.8306]],[[166.08288,-50.52632],[166.08445,-50.52542],[166.08312,-50.52581],[166.08288,-50.52632]],[[166.08682,-50.52409],[166.08574,-50.52429],[166.08532,-50.52516],[166.08682,-50.52409]],[[166.20683,-50.7088],[166.20784,-50.7089],[166.2083,-50.70839],[166.20683,-50.7088]],[[166.00043,-50.91291],[165.99961,-50.91331],[166.00088,-50.91351],[166.00043,-50.91291]],[[166.22681,-50.5162],[166.22704,-50.51687],[166.22788,-50.51537],[166.22681,-50.5162]],[[165.99923,-50.60474],[165.99875,-50.60553],[165.99992,-50.60502],[165.99923,-50.60474]],[[166.32521,-50.59295],[166.32467,-50.59375],[166.32605,-50.59314],[166.32521,-50.59295]],[[165.95011,-50.89006],[165.94924,-50.89021],[165.94833,-50.89104],[165.95011,-50.89006]],[[166.22506,-50.51618],[166.22459,-50.51669],[166.22625,-50.51678],[166.22506,-50.51618]],[[166.09972,-50.58388],[166.09858,-50.5842],[166.09944,-50.58435],[166.09891,-50.58481],[166.09972,-50.58388]],[[166.05153,-50.53188],[166.05257,-50.53056],[166.0516,-50.53094],[166.0509,-50.53218],[166.05153,-50.53188]],[[165.95874,-50.60866],[165.95977,-50.60815],[165.95857,-50.60806],[165.95874,-50.60866]],[[166.0694,-50.528],[166.07098,-50.52781],[166.06998,-50.52715],[166.0694,-50.528]],[[166.21395,-50.6],[166.21257,-50.60026],[166.21399,-50.6007],[166.21466,-50.60014],[166.21395,-50.6]],[[166.00123,-50.72231],[165.99888,-50.7213],[166.00055,-50.72258],[166.00123,-50.72231]],[[166.00534,-50.71831],[166.00394,-50.71863],[166.00489,-50.71932],[166.00534,-50.71831]],[[166.09086,-50.56731],[166.09229,-50.56666],[166.09295,-50.56577],[166.09086,-50.56731]],[[166.09376,-50.54999],[166.09207,-50.55088],[166.09345,-50.55067],[166.09376,-50.54999]],[[165.87123,-50.80497],[165.87265,-50.8042],[165.87122,-50.80425],[165.87123,-50.80497]],[[165.94663,-50.89948],[165.94786,-50.89838],[165.94629,-50.89867],[165.94663,-50.89948]],[[165.94599,-50.89973],[165.94462,-50.90066],[165.94538,-50.90088],[165.94599,-50.89973]],[[165.88275,-50.77068],[165.88116,-50.77174],[165.8824,-50.77163],[165.88275,-50.77068]],[[166.02232,-50.60499],[166.02059,-50.60521],[166.02159,-50.60576],[166.02319,-50.60549],[166.02232,-50.60499]],[[166.08584,-50.66657],[166.08433,-50.66718],[166.08693,-50.66722],[166.08584,-50.66657]],[[165.96,-50.61345],[165.96008,-50.61261],[165.95819,-50.61318],[165.96,-50.61345]],[[165.95121,-50.89549],[165.95074,-50.89409],[165.94995,-50.89517],[165.95121,-50.89549]],[[165.94737,-50.60687],[165.94728,-50.60504],[165.94642,-50.60689],[165.94737,-50.60687]],[[166.23346,-50.51924],[166.23557,-50.51854],[166.23353,-50.5182],[166.23346,-50.51924]],[[165.885,-50.76686],[165.88546,-50.76597],[165.88477,-50.76607],[165.88282,-50.76756],[165.885,-50.76686]],[[166.31515,-50.537],[166.3167,-50.53652],[166.31393,-50.53613],[166.31515,-50.537]],[[166.28804,-50.53987],[166.28932,-50.53859],[166.28657,-50.53928],[166.28804,-50.53987]],[[165.87618,-50.80392],[165.8732,-50.80581],[165.87496,-50.80542],[165.87618,-50.80392]],[[165.90164,-50.85576],[165.90483,-50.85492],[165.90259,-50.85436],[165.90164,-50.85576]],[[166.23031,-50.62019],[166.23299,-50.62008],[166.23203,-50.61958],[166.23169,-50.61822],[166.23033,-50.61884],[166.23031,-50.62019]],[[166.12006,-50.51283],[166.12023,-50.51208],[166.11875,-50.51181],[166.11844,-50.51421],[166.12025,-50.51415],[166.12006,-50.51283]],[[166.35885,-50.56687],[166.36178,-50.5664],[166.36212,-50.56542],[166.35952,-50.56578],[166.35885,-50.56687]],[[166.05305,-50.53336],[166.05582,-50.53281],[166.056,-50.53093],[166.0529,-50.53235],[166.05305,-50.53336]],[[166.02799,-50.60354],[166.02605,-50.60358],[166.02356,-50.60572],[166.02803,-50.60459],[166.02864,-50.60343],[166.02799,-50.60354]],[[166.32167,-50.57757],[166.3224,-50.57749],[166.32201,-50.5763],[166.31851,-50.57583],[166.32167,-50.57757]],[[165.91841,-50.83256],[165.91588,-50.83378],[165.91728,-50.8339],[165.91741,-50.83492],[165.91907,-50.83539],[165.91841,-50.83256]],[[165.88117,-50.77003],[165.88282,-50.77019],[165.88359,-50.76875],[165.88487,-50.76832],[165.88091,-50.76856],[165.88117,-50.77003]],[[165.90058,-50.85588],[165.90097,-50.85418],[165.89784,-50.85423],[165.89828,-50.85607],[165.90017,-50.85603],[165.89993,-50.85656],[165.90058,-50.85588]],[[166.02163,-50.76252],[166.01996,-50.76268],[166.02045,-50.76374],[166.02576,-50.76466],[166.02163,-50.76252]],[[166.02538,-50.84242],[166.02219,-50.84243],[166.02174,-50.84343],[166.02334,-50.84455],[166.02505,-50.84427],[166.02627,-50.84313],[166.02538,-50.84242]],[[166.27763,-50.52396],[166.2712,-50.52548],[166.27013,-50.52729],[166.27792,-50.52561],[166.27875,-50.52471],[166.27763,-50.52396]],[[166.30801,-50.52496],[166.30488,-50.52538],[166.30392,-50.52648],[166.30254,-50.52475],[166.29976,-50.52497],[166.29859,-50.52606],[166.30007,-50.52811],[166.29956,-50.52942],[166.29698,-50.52978],[166.29667,-50.5308],[166.29428,-50.5302],[166.29366,-50.53071],[166.29584,-50.53186],[166.29996,-50.53075],[166.3032,-50.53123],[166.3049,-50.53254],[166.30965,-50.53274],[166.30856,-50.53124],[166.30872,-50.53002],[166.30752,-50.52961],[166.30848,-50.52883],[166.30641,-50.52853],[166.30951,-50.52777],[166.30918,-50.52678],[166.31207,-50.52547],[166.31013,-50.52468],[166.30801,-50.52496]],[[166.25423,-50.50678],[166.25081,-50.50661],[166.24921,-50.50944],[166.2466,-50.50981],[166.24546,-50.51153],[166.24632,-50.5121],[166.24571,-50.51254],[166.24671,-50.51408],[166.24348,-50.5144],[166.23863,-50.51342],[166.23701,-50.51384],[166.23662,-50.51475],[166.23863,-50.51712],[166.2536,-50.5178],[166.25403,-50.51722],[166.2519,-50.51622],[166.25132,-50.51406],[166.25213,-50.51306],[166.25411,-50.5127],[166.25559,-50.51087],[166.25521,-50.50742],[166.25423,-50.50678]],[[165.96593,-50.61363],[165.9701,-50.61277],[165.97639,-50.61292],[165.97773,-50.61201],[165.97785,-50.61034],[165.97937,-50.60933],[165.98117,-50.61],[165.98205,-50.60914],[165.98624,-50.60931],[165.98743,-50.61004],[165.99013,-50.60801],[165.99516,-50.60709],[165.99631,-50.60553],[165.99577,-50.60474],[165.99031,-50.60579],[165.99119,-50.60487],[165.98939,-50.60488],[165.99245,-50.60283],[165.99268,-50.60177],[165.99055,-50.60244],[165.98738,-50.60123],[165.98714,-50.6004],[165.98467,-50.60146],[165.98299,-50.60151],[165.98295,-50.60069],[165.98157,-50.60142],[165.98345,-50.59835],[165.98226,-50.59844],[165.98118,-50.5975],[165.98033,-50.59868],[165.97833,-50.59909],[165.97438,-50.60182],[165.97164,-50.6027],[165.97078,-50.60121],[165.97009,-50.60133],[165.96735,-50.60495],[165.96634,-50.60465],[165.96633,-50.60336],[165.96599,-50.60416],[165.965,-50.60233],[165.96394,-50.60258],[165.9637,-50.60179],[165.96221,-50.60254],[165.96055,-50.60086],[165.9602,-50.60188],[165.95903,-50.60128],[165.95905,-50.6032],[165.95769,-50.60291],[165.957,-50.60384],[165.95638,-50.60324],[165.95515,-50.6036],[165.95532,-50.60183],[165.9529,-50.60094],[165.95033,-50.60218],[165.9524,-50.60435],[165.95206,-50.60521],[165.95047,-50.60497],[165.94878,-50.60661],[165.95077,-50.60559],[165.95017,-50.60701],[165.9509,-50.60744],[165.95353,-50.605],[165.95634,-50.60474],[165.95517,-50.60644],[165.95632,-50.60637],[165.95712,-50.60729],[165.95761,-50.60662],[165.95967,-50.60667],[165.96073,-50.6075],[165.95724,-50.60985],[165.95699,-50.6106],[165.95799,-50.61073],[165.95743,-50.61201],[165.96455,-50.61033],[165.96593,-50.61363]],[[166.30214,-50.48653],[166.3012,-50.48659],[166.30206,-50.48758],[166.30091,-50.48783],[166.30119,-50.48871],[166.30019,-50.48873],[166.30018,-50.48985],[166.29427,-50.4888],[166.29285,-50.48966],[166.29286,-50.48887],[166.29133,-50.48845],[166.28645,-50.48973],[166.28618,-50.48838],[166.2843,-50.48763],[166.28398,-50.48821],[166.28139,-50.48787],[166.28124,-50.48865],[166.27943,-50.48914],[166.27398,-50.48934],[166.27299,-50.49118],[166.27073,-50.49133],[166.27116,-50.49189],[166.27018,-50.4931],[166.26426,-50.49494],[166.26609,-50.49692],[166.26453,-50.49943],[166.26615,-50.50135],[166.26765,-50.50174],[166.26603,-50.50233],[166.26723,-50.50383],[166.26611,-50.50391],[166.26657,-50.50467],[166.26531,-50.50454],[166.26499,-50.50574],[166.26557,-50.50594],[166.26089,-50.50575],[166.26063,-50.50649],[166.26786,-50.50851],[166.26885,-50.50788],[166.26915,-50.5061],[166.27131,-50.50521],[166.27225,-50.50373],[166.2764,-50.50272],[166.27972,-50.50014],[166.28181,-50.49985],[166.28483,-50.50024],[166.28647,-50.5026],[166.30074,-50.50608],[166.30183,-50.50557],[166.30783,-50.50694],[166.32123,-50.50611],[166.32025,-50.5039],[166.32168,-50.50177],[166.32444,-50.50004],[166.32402,-50.49905],[166.32099,-50.49763],[166.32122,-50.49548],[166.32283,-50.49444],[166.31982,-50.49189],[166.32013,-50.49122],[166.31638,-50.48971],[166.31537,-50.48781],[166.31075,-50.48822],[166.30783,-50.48759],[166.30569,-50.4863],[166.30649,-50.48532],[166.30471,-50.48481],[166.30179,-50.48568],[166.30214,-50.48653]],[[166.10315,-50.85591],[166.09344,-50.85427],[166.08985,-50.85486],[166.08844,-50.85416],[166.08646,-50.85145],[166.07734,-50.84849],[166.07337,-50.84864],[166.06519,-50.85293],[166.06438,-50.85655],[166.06299,-50.85793],[166.0636,-50.86027],[166.06073,-50.86165],[166.0601,-50.86308],[166.05588,-50.8659],[166.05486,-50.86554],[166.05517,-50.86336],[166.05423,-50.86166],[166.04532,-50.85965],[166.03571,-50.86153],[166.02826,-50.86436],[166.02638,-50.8661],[166.02419,-50.86495],[166.01617,-50.86364],[166.01176,-50.86405],[166.00867,-50.86538],[166.00547,-50.86269],[165.99975,-50.86221],[165.99784,-50.86286],[165.99546,-50.86516],[165.98724,-50.86677],[165.98479,-50.86541],[165.98042,-50.86532],[165.97327,-50.86243],[165.96733,-50.86145],[165.96066,-50.8582],[165.94966,-50.85444],[165.94333,-50.84984],[165.92933,-50.84759],[165.92278,-50.84114],[165.92168,-50.83865],[165.91972,-50.83828],[165.92031,-50.83651],[165.91896,-50.83603],[165.91621,-50.83672],[165.91567,-50.84055],[165.91658,-50.84109],[165.91174,-50.84399],[165.91296,-50.84587],[165.91299,-50.84744],[165.91922,-50.84842],[165.92014,-50.85009],[165.91151,-50.85129],[165.91021,-50.8522],[165.91002,-50.85108],[165.90622,-50.85104],[165.90558,-50.85367],[165.90707,-50.8542],[165.90413,-50.85824],[165.90964,-50.85821],[165.9137,-50.85991],[165.91563,-50.86347],[165.91859,-50.86577],[165.9182,-50.86729],[165.91174,-50.8709],[165.91096,-50.87221],[165.91432,-50.87045],[165.91237,-50.87313],[165.91507,-50.87293],[165.91809,-50.87061],[165.92113,-50.87171],[165.92377,-50.87142],[165.92495,-50.87256],[165.92927,-50.87039],[165.93266,-50.8711],[165.93446,-50.87061],[165.9383,-50.87276],[165.9438,-50.87419],[165.94532,-50.87588],[165.94514,-50.87679],[165.94714,-50.87843],[165.95385,-50.87821],[165.95829,-50.87964],[165.95853,-50.88123],[165.95409,-50.88414],[165.95785,-50.8849],[165.9582,-50.88592],[165.95664,-50.88676],[165.95853,-50.88752],[165.95653,-50.88945],[165.95736,-50.89008],[165.95717,-50.89092],[165.95261,-50.8938],[165.95474,-50.89551],[165.95491,-50.89678],[165.95131,-50.89764],[165.95027,-50.89919],[165.95449,-50.8986],[165.9577,-50.89947],[165.95784,-50.90102],[165.95625,-50.90336],[165.96029,-50.90121],[165.96421,-50.90152],[165.96492,-50.90218],[165.96751,-50.90179],[165.97156,-50.90237],[165.97848,-50.90564],[165.98456,-50.90287],[165.98776,-50.90369],[165.9873,-50.90531],[165.98789,-50.90538],[165.99457,-50.90292],[165.99883,-50.90587],[165.99874,-50.90793],[166.00231,-50.90708],[166.0043,-50.90872],[166.00721,-50.9086],[166.0098,-50.90975],[166.01389,-50.90886],[166.01414,-50.9079],[166.01592,-50.90749],[166.01983,-50.90797],[166.02144,-50.90891],[166.02638,-50.9088],[166.02942,-50.91014],[166.0286,-50.91137],[166.03103,-50.91058],[166.03656,-50.91296],[166.04399,-50.9145],[166.04704,-50.91802],[166.04831,-50.91445],[166.05214,-50.9164],[166.0586,-50.91685],[166.0596,-50.91801],[166.05996,-50.92096],[166.06508,-50.92176],[166.06694,-50.9232],[166.06654,-50.92558],[166.07028,-50.9266],[166.07193,-50.92883],[166.07454,-50.92825],[166.07534,-50.92712],[166.0802,-50.92727],[166.08163,-50.92801],[166.09387,-50.92809],[166.09578,-50.92724],[166.09617,-50.92618],[166.09874,-50.92711],[166.10316,-50.92653],[166.10711,-50.9249],[166.10767,-50.92324],[166.10916,-50.92295],[166.11575,-50.92416],[166.11573,-50.92225],[166.1175,-50.92173],[166.11859,-50.91955],[166.12278,-50.91856],[166.12415,-50.91632],[166.12353,-50.9146],[166.12064,-50.91416],[166.11294,-50.90912],[166.09879,-50.90392],[166.08408,-50.89269],[166.0835,-50.89131],[166.0844,-50.89093],[166.08854,-50.89202],[166.09512,-50.89558],[166.10091,-50.90065],[166.10476,-50.90137],[166.12291,-50.90926],[166.12183,-50.90797],[166.12208,-50.90727],[166.13036,-50.90137],[166.13416,-50.90103],[166.13856,-50.90231],[166.13979,-50.90204],[166.14068,-50.90078],[166.14207,-50.90092],[166.14229,-50.89985],[166.15538,-50.90056],[166.16356,-50.89766],[166.16588,-50.89798],[166.16792,-50.89964],[166.16842,-50.89852],[166.17206,-50.89747],[166.17238,-50.89579],[166.17116,-50.89455],[166.17185,-50.89291],[166.17361,-50.89208],[166.17599,-50.89267],[166.17875,-50.89204],[166.17835,-50.8902],[166.17527,-50.88751],[166.16521,-50.88278],[166.16517,-50.88193],[166.17731,-50.88418],[166.18168,-50.88411],[166.18646,-50.88689],[166.1876,-50.88542],[166.18915,-50.88522],[166.19033,-50.88317],[166.1929,-50.8844],[166.20192,-50.88511],[166.20685,-50.88334],[166.19929,-50.87646],[166.19579,-50.87566],[166.19085,-50.8726],[166.15968,-50.86533],[166.15393,-50.86237],[166.14281,-50.86063],[166.1386,-50.86103],[166.12865,-50.8599],[166.11301,-50.85677],[166.10315,-50.85591]],[[166.23008,-50.51683],[166.23021,-50.51613],[166.2292,-50.5156],[166.22664,-50.51776],[166.22295,-50.517],[166.22288,-50.51529],[166.21988,-50.51345],[166.21865,-50.51369],[166.21842,-50.51461],[166.21636,-50.51419],[166.21533,-50.51471],[166.21534,-50.51589],[166.21031,-50.51667],[166.20691,-50.51872],[166.20645,-50.52096],[166.20443,-50.52126],[166.20507,-50.52266],[166.2037,-50.52449],[166.20396,-50.52541],[166.2028,-50.52623],[166.20078,-50.52737],[166.19872,-50.52534],[166.19746,-50.52661],[166.1944,-50.52726],[166.19357,-50.52625],[166.19449,-50.52537],[166.19367,-50.5257],[166.19286,-50.52438],[166.19007,-50.52363],[166.19257,-50.52305],[166.19436,-50.52168],[166.19305,-50.52098],[166.19267,-50.51949],[166.18989,-50.51959],[166.19165,-50.51851],[166.19107,-50.51704],[166.18651,-50.517],[166.18568,-50.516],[166.18665,-50.51343],[166.18547,-50.51419],[166.18515,-50.51334],[166.18231,-50.51382],[166.18245,-50.51243],[166.17576,-50.51153],[166.17352,-50.50867],[166.17306,-50.50912],[166.17416,-50.51119],[166.17171,-50.51438],[166.17469,-50.51583],[166.17361,-50.51653],[166.17395,-50.51788],[166.16999,-50.51908],[166.17041,-50.52121],[166.16745,-50.52219],[166.16653,-50.52212],[166.16689,-50.52137],[166.16541,-50.52257],[166.16492,-50.52197],[166.16296,-50.52249],[166.15957,-50.52168],[166.15708,-50.51942],[166.156,-50.51966],[166.15588,-50.51808],[166.15683,-50.51685],[166.15341,-50.51697],[166.15126,-50.51581],[166.15132,-50.51391],[166.15047,-50.51389],[166.15035,-50.51214],[166.14929,-50.51167],[166.1466,-50.513],[166.14524,-50.51574],[166.14154,-50.51865],[166.13969,-50.52242],[166.1384,-50.52313],[166.13911,-50.52433],[166.131,-50.53156],[166.12815,-50.53302],[166.12549,-50.53103],[166.13496,-50.51692],[166.13503,-50.51462],[166.13679,-50.51303],[166.13592,-50.51114],[166.13127,-50.50899],[166.12974,-50.50903],[166.12824,-50.50984],[166.12932,-50.51105],[166.12913,-50.51355],[166.12587,-50.51386],[166.12193,-50.5131],[166.12096,-50.51481],[166.12341,-50.51717],[166.12283,-50.51759],[166.12358,-50.51802],[166.12349,-50.51912],[166.12188,-50.52065],[166.11846,-50.52066],[166.11852,-50.52167],[166.11734,-50.52172],[166.11851,-50.52298],[166.1166,-50.52403],[166.10684,-50.52653],[166.09641,-50.52752],[166.0922,-50.5274],[166.08679,-50.52547],[166.08273,-50.52945],[166.07948,-50.52896],[166.08073,-50.52712],[166.0796,-50.52785],[166.07863,-50.52629],[166.07703,-50.5268],[166.07779,-50.52611],[166.07672,-50.52567],[166.07293,-50.52861],[166.06962,-50.52823],[166.06774,-50.52903],[166.06783,-50.5263],[166.06708,-50.52587],[166.06609,-50.52685],[166.06651,-50.52852],[166.06159,-50.52875],[166.05757,-50.53194],[166.06041,-50.53309],[166.06037,-50.53372],[166.06284,-50.53282],[166.06369,-50.53371],[166.06711,-50.53254],[166.06517,-50.53436],[166.06788,-50.53469],[166.0675,-50.53753],[166.07042,-50.53806],[166.06919,-50.53807],[166.06943,-50.53987],[166.07235,-50.53973],[166.07235,-50.54285],[166.07342,-50.54263],[166.07583,-50.54397],[166.07965,-50.54342],[166.0773,-50.54491],[166.07751,-50.54573],[166.08077,-50.54481],[166.08091,-50.54612],[166.08414,-50.54428],[166.08293,-50.54678],[166.08455,-50.54637],[166.08689,-50.54737],[166.08846,-50.55006],[166.09019,-50.55066],[166.09248,-50.54919],[166.09414,-50.54967],[166.09525,-50.55108],[166.09481,-50.55238],[166.0933,-50.55333],[166.093,-50.55247],[166.09193,-50.55409],[166.09558,-50.55538],[166.09583,-50.55614],[166.09292,-50.55661],[166.09133,-50.55866],[166.09437,-50.55951],[166.09376,-50.5607],[166.09468,-50.56143],[166.09874,-50.56051],[166.09209,-50.56478],[166.09353,-50.56533],[166.09519,-50.56484],[166.09758,-50.56628],[166.09771,-50.56772],[166.0965,-50.56914],[166.09922,-50.56952],[166.09938,-50.57028],[166.09805,-50.57149],[166.09945,-50.57134],[166.10024,-50.57232],[166.09988,-50.57298],[166.09651,-50.57332],[166.09733,-50.57435],[166.09635,-50.57602],[166.09934,-50.57643],[166.1007,-50.57813],[166.1,-50.57965],[166.10071,-50.57998],[166.10074,-50.58206],[166.10148,-50.58278],[166.10017,-50.58474],[166.09867,-50.58521],[166.09917,-50.58585],[166.09796,-50.58605],[166.09852,-50.58679],[166.09785,-50.58767],[166.09882,-50.58764],[166.09914,-50.58678],[166.09929,-50.58756],[166.09648,-50.58911],[166.09766,-50.58898],[166.09971,-50.59052],[166.09844,-50.59179],[166.09891,-50.59283],[166.09756,-50.59481],[166.09838,-50.59647],[166.09637,-50.59836],[166.09342,-50.59947],[166.0926,-50.60161],[166.08711,-50.60467],[166.08673,-50.60615],[166.08836,-50.60567],[166.08915,-50.6062],[166.08647,-50.60755],[166.08856,-50.60907],[166.08812,-50.61012],[166.08965,-50.61052],[166.09061,-50.61191],[166.08772,-50.61192],[166.08792,-50.6131],[166.08667,-50.61427],[166.08732,-50.61532],[166.08199,-50.61786],[166.07906,-50.62202],[166.07892,-50.62361],[166.07188,-50.62449],[166.07498,-50.6257],[166.0732,-50.6272],[166.07381,-50.62868],[166.07093,-50.62996],[166.07244,-50.62991],[166.07305,-50.63071],[166.07181,-50.63291],[166.07368,-50.63403],[166.07217,-50.63518],[166.07252,-50.63629],[166.07361,-50.63666],[166.07252,-50.63829],[166.07401,-50.63901],[166.07157,-50.64045],[166.07127,-50.64204],[166.06564,-50.64422],[166.07179,-50.6475],[166.0721,-50.64863],[166.07058,-50.64974],[166.07294,-50.65037],[166.07351,-50.65177],[166.07066,-50.65362],[166.07143,-50.65437],[166.07416,-50.6546],[166.07227,-50.65591],[166.07515,-50.65549],[166.07774,-50.65667],[166.07767,-50.65827],[166.07589,-50.6612],[166.07448,-50.66194],[166.08092,-50.66425],[166.08584,-50.66469],[166.08773,-50.66727],[166.08752,-50.66814],[166.08445,-50.66825],[166.0842,-50.66948],[166.0808,-50.67028],[166.08454,-50.67204],[166.084,-50.67324],[166.08173,-50.67365],[166.0815,-50.67458],[166.07724,-50.6751],[166.07187,-50.67436],[166.06913,-50.67539],[166.07215,-50.67639],[166.07309,-50.67795],[166.07413,-50.6776],[166.07382,-50.67933],[166.06934,-50.67998],[166.07307,-50.68142],[166.0689,-50.68313],[166.07155,-50.684],[166.07393,-50.68664],[166.07316,-50.68743],[166.07153,-50.68734],[166.07117,-50.68886],[166.06578,-50.68697],[166.06872,-50.68963],[166.06841,-50.69144],[166.06096,-50.69036],[166.06046,-50.69121],[166.06096,-50.69261],[166.05948,-50.6919],[166.05749,-50.69221],[166.05694,-50.6931],[166.05788,-50.69339],[166.05583,-50.69413],[166.05658,-50.69565],[166.05602,-50.6964],[166.05668,-50.69677],[166.04949,-50.69596],[166.04836,-50.69745],[166.04617,-50.69825],[166.04783,-50.70192],[166.04588,-50.7012],[166.04585,-50.7021],[166.04248,-50.70188],[166.04147,-50.70253],[166.04464,-50.70576],[166.0397,-50.70564],[166.03583,-50.70702],[166.03645,-50.70808],[166.03849,-50.70868],[166.04064,-50.71124],[166.03841,-50.71018],[166.03398,-50.71041],[166.03256,-50.71129],[166.0294,-50.71058],[166.03051,-50.71246],[166.03011,-50.71428],[166.02859,-50.71462],[166.02684,-50.71726],[166.02078,-50.71854],[166.01918,-50.718],[166.0193,-50.71859],[166.01808,-50.71835],[166.01787,-50.71971],[166.01714,-50.71993],[166.00967,-50.71937],[166.00825,-50.7185],[166.00879,-50.71951],[166.00611,-50.71846],[166.00504,-50.71972],[166.00617,-50.72124],[166.00562,-50.72225],[165.99189,-50.72595],[165.99091,-50.72774],[165.98679,-50.7279],[165.98424,-50.72547],[165.98338,-50.72594],[165.98371,-50.727],[165.98192,-50.72702],[165.98127,-50.72602],[165.98108,-50.72703],[165.98023,-50.72707],[165.97928,-50.72669],[165.97873,-50.72511],[165.9753,-50.72428],[165.9746,-50.72602],[165.97645,-50.72634],[165.97585,-50.72745],[165.97643,-50.72827],[165.97491,-50.73041],[165.97288,-50.72982],[165.97269,-50.73174],[165.97376,-50.73246],[165.9713,-50.73377],[165.97326,-50.73468],[165.97192,-50.73645],[165.96964,-50.73621],[165.97069,-50.7369],[165.96732,-50.7393],[165.96231,-50.74008],[165.96232,-50.74059],[165.95901,-50.74094],[165.95656,-50.73986],[165.95645,-50.74054],[165.95814,-50.74186],[165.95481,-50.74439],[165.95062,-50.74518],[165.94906,-50.74396],[165.94738,-50.74621],[165.94723,-50.74794],[165.94413,-50.74713],[165.94483,-50.74865],[165.94317,-50.74863],[165.9465,-50.74885],[165.94623,-50.75165],[165.94176,-50.75233],[165.93851,-50.75193],[165.9372,-50.7533],[165.94033,-50.75346],[165.94005,-50.75452],[165.93513,-50.75667],[165.93423,-50.75801],[165.93095,-50.7589],[165.93065,-50.75741],[165.9297,-50.75735],[165.92648,-50.76089],[165.92405,-50.75965],[165.92189,-50.76087],[165.91885,-50.75993],[165.91694,-50.76103],[165.91567,-50.75985],[165.91488,-50.76082],[165.91253,-50.76134],[165.91156,-50.76069],[165.91141,-50.75942],[165.91079,-50.76054],[165.90865,-50.76109],[165.90766,-50.76226],[165.90606,-50.76112],[165.9048,-50.7612],[165.90087,-50.76333],[165.90049,-50.76484],[165.89951,-50.76261],[165.8982,-50.762],[165.89673,-50.76292],[165.89702,-50.76562],[165.89261,-50.76787],[165.8911,-50.77036],[165.88858,-50.77048],[165.88889,-50.76707],[165.88346,-50.77014],[165.88426,-50.77216],[165.88779,-50.77428],[165.88752,-50.77611],[165.88936,-50.77552],[165.89129,-50.77764],[165.89054,-50.78065],[165.88877,-50.78127],[165.88748,-50.78281],[165.88674,-50.79083],[165.8857,-50.79153],[165.88183,-50.78938],[165.88117,-50.79077],[165.88228,-50.7933],[165.88127,-50.79475],[165.87715,-50.79579],[165.87482,-50.79811],[165.87239,-50.7975],[165.87049,-50.79813],[165.87052,-50.79907],[165.86895,-50.79989],[165.87386,-50.80009],[165.87552,-50.80106],[165.8758,-50.80283],[165.87693,-50.80362],[165.87593,-50.80715],[165.87763,-50.80743],[165.87849,-50.80911],[165.87602,-50.81188],[165.87722,-50.8152],[165.87672,-50.81647],[165.8834,-50.81626],[165.88497,-50.81773],[165.88299,-50.82155],[165.88113,-50.82187],[165.88094,-50.82287],[165.87815,-50.82457],[165.87963,-50.82517],[165.88436,-50.82082],[165.88221,-50.82587],[165.88209,-50.82797],[165.88403,-50.82833],[165.88626,-50.82746],[165.88924,-50.82866],[165.8885,-50.83099],[165.89001,-50.83332],[165.8848,-50.83884],[165.8867,-50.8398],[165.89094,-50.83882],[165.89146,-50.83795],[165.8933,-50.83831],[165.89529,-50.83645],[165.89986,-50.8345],[165.90244,-50.83201],[165.90275,-50.83402],[165.90587,-50.83477],[165.90598,-50.83553],[165.91022,-50.83338],[165.91145,-50.83153],[165.91405,-50.83126],[165.91389,-50.8304],[165.91559,-50.83129],[165.91475,-50.8298],[165.91664,-50.82736],[165.91728,-50.82466],[165.9159,-50.81843],[165.91691,-50.81469],[165.92079,-50.81099],[165.92037,-50.8161],[165.92165,-50.82219],[165.9238,-50.82458],[165.92458,-50.82741],[165.92607,-50.82879],[165.93447,-50.8278],[165.93125,-50.8288],[165.9302,-50.83109],[165.93132,-50.83247],[165.93032,-50.83428],[165.93105,-50.83791],[165.93581,-50.84083],[165.94396,-50.84114],[165.94632,-50.84052],[165.9475,-50.83934],[165.94989,-50.84125],[165.95041,-50.84446],[165.95208,-50.84647],[165.95532,-50.84788],[165.95512,-50.84507],[165.95604,-50.84408],[165.95859,-50.84459],[165.96117,-50.84278],[165.9611,-50.84411],[165.96352,-50.84644],[165.9639,-50.8484],[165.97311,-50.85181],[165.97389,-50.85283],[165.97341,-50.85407],[165.97733,-50.85529],[165.98028,-50.85498],[165.98085,-50.85141],[165.98765,-50.85286],[165.98977,-50.85221],[165.99141,-50.85336],[165.99472,-50.85203],[166.00304,-50.85194],[166.00849,-50.85304],[166.01533,-50.85207],[166.01548,-50.85114],[166.0113,-50.84587],[166.01581,-50.84322],[166.01712,-50.84461],[166.01632,-50.84544],[166.01681,-50.84617],[166.02005,-50.84684],[166.02203,-50.84644],[166.01908,-50.84466],[166.02007,-50.84359],[166.01956,-50.84287],[166.02075,-50.84049],[166.01929,-50.83841],[166.01726,-50.83812],[166.01764,-50.83689],[166.0166,-50.83553],[166.01129,-50.83483],[166.00647,-50.83206],[166.00072,-50.82357],[165.99539,-50.82055],[165.99312,-50.81808],[165.99328,-50.81699],[165.99564,-50.81625],[166.0061,-50.81969],[166.01282,-50.82058],[166.01564,-50.81973],[166.01688,-50.81861],[166.01565,-50.81672],[166.01596,-50.8153],[166.01438,-50.81468],[166.01104,-50.80968],[166.01315,-50.80699],[166.00669,-50.80333],[166.0011,-50.80163],[165.99959,-50.79622],[165.99821,-50.7953],[165.99748,-50.79256],[165.99027,-50.79035],[165.98134,-50.78617],[165.9805,-50.78515],[165.98664,-50.78333],[165.99173,-50.78305],[165.99468,-50.78175],[165.99492,-50.7792],[165.99408,-50.77668],[165.98606,-50.77284],[165.99044,-50.77122],[165.99365,-50.77233],[165.99815,-50.77564],[166.00014,-50.77959],[166.00298,-50.78173],[166.00286,-50.78314],[166.0046,-50.78414],[166.00761,-50.7881],[166.00924,-50.79165],[166.00988,-50.79548],[166.01169,-50.79844],[166.01777,-50.79981],[166.01939,-50.80167],[166.0229,-50.80223],[166.0267,-50.80672],[166.03196,-50.80635],[166.03741,-50.80253],[166.03987,-50.79903],[166.03972,-50.79575],[166.03497,-50.79278],[166.03263,-50.78969],[166.03399,-50.78747],[166.03113,-50.7855],[166.0317,-50.78402],[166.02042,-50.77621],[166.015,-50.77505],[166.00996,-50.77597],[166.00814,-50.77223],[166.00585,-50.77136],[166.01023,-50.76078],[166.00979,-50.75891],[166.01139,-50.75652],[166.01001,-50.7531],[166.00929,-50.7477],[166.01042,-50.74909],[166.014,-50.74975],[166.01846,-50.74499],[166.02042,-50.74565],[166.02019,-50.74905],[166.02163,-50.7541],[166.02998,-50.75974],[166.03448,-50.76076],[166.04243,-50.76032],[166.05683,-50.75747],[166.05953,-50.75928],[166.06126,-50.76266],[166.06221,-50.76299],[166.05892,-50.76669],[166.06068,-50.77092],[166.05898,-50.7742],[166.05884,-50.77736],[166.05742,-50.7794],[166.06189,-50.78687],[166.0605,-50.78864],[166.05689,-50.79048],[166.05971,-50.79374],[166.06435,-50.79662],[166.06038,-50.79867],[166.0608,-50.79983],[166.06786,-50.8039],[166.06931,-50.80701],[166.0662,-50.80991],[166.05982,-50.80939],[166.05544,-50.81409],[166.05522,-50.81531],[166.05113,-50.81661],[166.05051,-50.81848],[166.0455,-50.82072],[166.03834,-50.82253],[166.03754,-50.82376],[166.0404,-50.82553],[166.04274,-50.82858],[166.05213,-50.83181],[166.05654,-50.83028],[166.05695,-50.82764],[166.05918,-50.82512],[166.05898,-50.82342],[166.06109,-50.82247],[166.06459,-50.82422],[166.07271,-50.82536],[166.07384,-50.82357],[166.07105,-50.8199],[166.0724,-50.81706],[166.07085,-50.81584],[166.0725,-50.81492],[166.06984,-50.81306],[166.07181,-50.81208],[166.07046,-50.81053],[166.07087,-50.8085],[166.07558,-50.80683],[166.08037,-50.80705],[166.0839,-50.81019],[166.08629,-50.81009],[166.089,-50.81251],[166.09337,-50.81391],[166.09381,-50.81552],[166.09183,-50.81852],[166.09164,-50.82153],[166.09517,-50.82372],[166.09624,-50.82574],[166.09958,-50.8251],[166.09846,-50.82454],[166.09899,-50.82383],[166.10275,-50.82366],[166.11122,-50.82547],[166.11184,-50.8279],[166.11019,-50.83032],[166.10988,-50.83231],[166.11152,-50.83405],[166.11785,-50.83437],[166.12099,-50.83845],[166.12413,-50.84042],[166.12922,-50.84066],[166.13137,-50.84222],[166.13769,-50.84445],[166.14021,-50.84662],[166.15055,-50.84892],[166.17284,-50.85664],[166.18953,-50.85878],[166.20061,-50.86176],[166.20566,-50.8597],[166.22237,-50.86107],[166.22352,-50.86079],[166.22474,-50.85768],[166.22873,-50.85528],[166.23326,-50.85447],[166.23723,-50.85093],[166.24013,-50.84984],[166.24102,-50.84858],[166.23914,-50.8474],[166.23058,-50.84636],[166.2292,-50.84279],[166.23064,-50.8415],[166.23902,-50.84042],[166.23513,-50.83817],[166.23577,-50.83517],[166.24156,-50.83537],[166.24496,-50.83192],[166.24487,-50.82924],[166.24129,-50.82835],[166.23912,-50.82641],[166.23886,-50.82474],[166.24041,-50.82449],[166.2413,-50.82306],[166.23841,-50.82298],[166.23205,-50.82063],[166.22665,-50.81965],[166.22635,-50.81834],[166.21742,-50.81973],[166.21618,-50.81845],[166.21865,-50.81774],[166.21866,-50.81716],[166.21548,-50.81637],[166.21121,-50.81776],[166.21035,-50.81678],[166.21137,-50.81534],[166.20869,-50.81637],[166.20842,-50.81797],[166.20668,-50.81884],[166.20289,-50.81817],[166.20084,-50.81605],[166.20264,-50.81493],[166.2155,-50.8129],[166.22409,-50.81064],[166.2307,-50.80714],[166.22904,-50.80581],[166.22347,-50.8035],[166.21694,-50.80352],[166.21234,-50.80186],[166.193,-50.80413],[166.18521,-50.80617],[166.17821,-50.8061],[166.17135,-50.80793],[166.16845,-50.80749],[166.16753,-50.80633],[166.16754,-50.80454],[166.17355,-50.80257],[166.17658,-50.80035],[166.18277,-50.80119],[166.19225,-50.79916],[166.20131,-50.79891],[166.21269,-50.79646],[166.21473,-50.79763],[166.21821,-50.79778],[166.21863,-50.79678],[166.22089,-50.79588],[166.22639,-50.79112],[166.21946,-50.79007],[166.20697,-50.79025],[166.19367,-50.79291],[166.19043,-50.79192],[166.19222,-50.78982],[166.20441,-50.78738],[166.21393,-50.78454],[166.21619,-50.78131],[166.20713,-50.7785],[166.21544,-50.77677],[166.2204,-50.77367],[166.21887,-50.77048],[166.21613,-50.76845],[166.21731,-50.76391],[166.21473,-50.76215],[166.21286,-50.76215],[166.21203,-50.7594],[166.20564,-50.75578],[166.2051,-50.75341],[166.19889,-50.75211],[166.19577,-50.75336],[166.19274,-50.75329],[166.18411,-50.75652],[166.1771,-50.76022],[166.17082,-50.76164],[166.16357,-50.76621],[166.15396,-50.77082],[166.14395,-50.77317],[166.13449,-50.77784],[166.13114,-50.77774],[166.13677,-50.77312],[166.14286,-50.7703],[166.15159,-50.76793],[166.15589,-50.76597],[166.1615,-50.76071],[166.17004,-50.75645],[166.17629,-50.75494],[166.18447,-50.75135],[166.18666,-50.74953],[166.18714,-50.74692],[166.19265,-50.74272],[166.19264,-50.74035],[166.18633,-50.73914],[166.17759,-50.73875],[166.18068,-50.73764],[166.18171,-50.73598],[166.17906,-50.73638],[166.17723,-50.73447],[166.17423,-50.73389],[166.17278,-50.73131],[166.16999,-50.73077],[166.16526,-50.73268],[166.15218,-50.73516],[166.14822,-50.73738],[166.14363,-50.73597],[166.12314,-50.74025],[166.12069,-50.73992],[166.11932,-50.73817],[166.11813,-50.73786],[166.11053,-50.739],[166.10593,-50.73847],[166.10892,-50.73683],[166.11285,-50.73623],[166.12348,-50.73651],[166.13678,-50.73442],[166.14408,-50.73427],[166.14439,-50.73312],[166.13649,-50.72997],[166.13657,-50.72938],[166.13916,-50.72874],[166.14568,-50.72809],[166.15222,-50.72912],[166.16224,-50.72822],[166.16839,-50.72411],[166.16126,-50.7184],[166.14976,-50.71416],[166.14148,-50.71275],[166.13295,-50.71315],[166.11687,-50.71707],[166.10066,-50.71847],[166.08817,-50.71861],[166.08178,-50.71982],[166.07972,-50.71952],[166.07904,-50.71761],[166.07902,-50.71636],[166.08321,-50.71528],[166.08992,-50.71496],[166.09358,-50.71369],[166.115,-50.7125],[166.12721,-50.70934],[166.13809,-50.70836],[166.149,-50.70894],[166.15412,-50.71038],[166.15895,-50.71007],[166.16186,-50.71162],[166.16497,-50.71127],[166.18709,-50.71839],[166.1982,-50.71678],[166.20018,-50.71514],[166.19956,-50.71288],[166.20068,-50.71134],[166.20305,-50.7116],[166.20511,-50.70987],[166.19463,-50.70907],[166.19513,-50.70814],[166.20496,-50.70719],[166.20122,-50.70616],[166.20453,-50.70166],[166.20352,-50.70073],[166.20395,-50.69921],[166.20708,-50.69881],[166.20395,-50.69619],[166.20466,-50.69564],[166.2017,-50.69465],[166.19675,-50.69618],[166.19067,-50.69541],[166.18893,-50.69585],[166.18772,-50.69547],[166.18772,-50.69473],[166.17872,-50.69233],[166.16838,-50.69511],[166.16751,-50.69462],[166.15189,-50.69577],[166.13877,-50.70019],[166.12975,-50.7067],[166.12812,-50.70612],[166.12729,-50.70404],[166.13589,-50.69653],[166.14239,-50.6939],[166.14424,-50.69201],[166.1615,-50.68786],[166.15965,-50.6861],[166.14875,-50.6838],[166.14707,-50.6829],[166.14728,-50.68223],[166.15604,-50.68206],[166.16259,-50.68042],[166.18103,-50.68194],[166.18566,-50.68168],[166.18787,-50.68101],[166.18604,-50.67866],[166.18937,-50.67804],[166.19122,-50.6754],[166.19108,-50.67455],[166.18427,-50.67308],[166.18195,-50.67073],[166.17993,-50.67144],[166.17969,-50.66995],[166.17824,-50.66913],[166.17567,-50.66984],[166.16942,-50.6685],[166.17278,-50.66678],[166.17064,-50.66597],[166.17256,-50.66436],[166.17172,-50.66262],[166.17062,-50.66216],[166.16387,-50.65397],[166.15196,-50.64988],[166.152,-50.64713],[166.16142,-50.64799],[166.17126,-50.65406],[166.18146,-50.6585],[166.19232,-50.65873],[166.2,-50.66197],[166.20707,-50.66021],[166.20926,-50.6591],[166.20922,-50.65809],[166.20999,-50.65768],[166.20928,-50.65657],[166.20992,-50.65577],[166.20417,-50.65427],[166.20032,-50.65147],[166.19012,-50.65019],[166.18712,-50.64765],[166.18871,-50.64594],[166.19383,-50.64658],[166.20184,-50.64484],[166.20236,-50.64409],[166.20144,-50.64341],[166.20203,-50.64258],[166.19836,-50.63927],[166.19071,-50.63762],[166.18441,-50.63498],[166.17571,-50.63362],[166.17008,-50.63163],[166.17093,-50.63025],[166.17262,-50.6302],[166.19391,-50.63563],[166.20409,-50.63614],[166.19649,-50.63219],[166.1927,-50.62854],[166.18942,-50.62706],[166.18618,-50.62354],[166.17889,-50.61867],[166.17194,-50.61599],[166.16595,-50.61615],[166.16635,-50.61176],[166.16446,-50.60956],[166.1692,-50.60746],[166.16957,-50.60505],[166.1683,-50.60281],[166.16371,-50.60015],[166.17218,-50.60256],[166.17478,-50.6042],[166.17692,-50.6072],[166.18038,-50.61012],[166.19089,-50.6154],[166.2066,-50.62662],[166.21048,-50.62872],[166.21553,-50.62982],[166.21695,-50.62769],[166.21818,-50.6277],[166.21747,-50.62644],[166.22034,-50.62492],[166.2205,-50.62417],[166.22433,-50.62309],[166.22402,-50.62231],[166.22596,-50.62258],[166.22772,-50.62005],[166.23015,-50.62009],[166.23007,-50.61858],[166.23204,-50.61745],[166.23124,-50.6155],[166.2326,-50.61336],[166.23717,-50.61208],[166.23776,-50.61095],[166.23965,-50.61045],[166.23807,-50.61046],[166.23853,-50.60987],[166.24196,-50.60908],[166.24077,-50.60828],[166.24261,-50.60739],[166.2418,-50.60696],[166.24231,-50.6061],[166.23987,-50.60535],[166.23918,-50.6041],[166.23817,-50.60452],[166.23469,-50.60356],[166.22861,-50.60502],[166.21816,-50.60393],[166.21457,-50.60432],[166.20957,-50.60299],[166.21209,-50.59956],[166.21778,-50.5975],[166.21235,-50.59698],[166.21086,-50.59581],[166.21025,-50.59407],[166.21762,-50.59338],[166.22151,-50.59028],[166.22351,-50.59002],[166.22487,-50.5881],[166.22192,-50.58677],[166.21364,-50.5856],[166.21181,-50.58395],[166.20995,-50.58379],[166.21066,-50.58263],[166.20993,-50.58162],[166.21302,-50.58071],[166.22785,-50.58048],[166.22939,-50.57988],[166.22868,-50.57915],[166.23026,-50.5796],[166.23505,-50.57798],[166.24642,-50.57975],[166.24824,-50.58141],[166.25217,-50.58312],[166.2586,-50.58329],[166.26096,-50.58217],[166.26446,-50.58203],[166.26753,-50.58378],[166.26703,-50.58312],[166.26958,-50.58332],[166.27089,-50.58214],[166.27318,-50.58259],[166.2745,-50.58188],[166.27858,-50.5846],[166.28303,-50.58487],[166.28431,-50.58428],[166.28489,-50.58285],[166.28443,-50.58093],[166.27957,-50.58062],[166.2773,-50.57984],[166.27731,-50.57888],[166.27379,-50.57896],[166.27247,-50.57814],[166.27311,-50.57746],[166.27767,-50.57754],[166.28007,-50.57631],[166.27937,-50.57397],[166.28156,-50.5719],[166.28083,-50.57156],[166.28161,-50.57094],[166.28101,-50.56994],[166.28146,-50.56903],[166.27834,-50.56778],[166.27975,-50.56711],[166.2814,-50.56418],[166.28041,-50.56406],[166.27996,-50.56302],[166.27192,-50.56327],[166.27185,-50.55977],[166.27616,-50.55861],[166.27511,-50.55676],[166.26998,-50.55564],[166.26117,-50.55678],[166.25954,-50.55521],[166.26024,-50.55447],[166.25949,-50.55407],[166.26142,-50.55338],[166.25972,-50.55241],[166.25999,-50.55163],[166.26411,-50.55141],[166.2649,-50.55097],[166.26466,-50.55031],[166.26744,-50.5495],[166.27266,-50.55008],[166.27782,-50.54901],[166.27886,-50.54765],[166.28102,-50.54698],[166.28215,-50.54441],[166.28623,-50.54212],[166.28559,-50.5399],[166.282,-50.54087],[166.27702,-50.54072],[166.27393,-50.53915],[166.27151,-50.53995],[166.27489,-50.53694],[166.27504,-50.5357],[166.27088,-50.53416],[166.2686,-50.52964],[166.25428,-50.53633],[166.25306,-50.53934],[166.25076,-50.53961],[166.2514,-50.54002],[166.2508,-50.54069],[166.24414,-50.54218],[166.23747,-50.55007],[166.22618,-50.55576],[166.21962,-50.55754],[166.21924,-50.55669],[166.19885,-50.55699],[166.18348,-50.56146],[166.17876,-50.55827],[166.17565,-50.55999],[166.16925,-50.56033],[166.17042,-50.55993],[166.16932,-50.55953],[166.17091,-50.5589],[166.19886,-50.55081],[166.20936,-50.55104],[166.21102,-50.54849],[166.21707,-50.54797],[166.21519,-50.54645],[166.21851,-50.54517],[166.21647,-50.54575],[166.21039,-50.54411],[166.21144,-50.54204],[166.21535,-50.53991],[166.21185,-50.53897],[166.21139,-50.53766],[166.21385,-50.53646],[166.21282,-50.53584],[166.2138,-50.53484],[166.22097,-50.53133],[166.22159,-50.52819],[166.22497,-50.52516],[166.22111,-50.52465],[166.2237,-50.52108],[166.2256,-50.5202],[166.22895,-50.52142],[166.23078,-50.52095],[166.23008,-50.51683]]]}},{"type":"Feature","properties":{"id":2798485,"nombre":"Taputeranga Marine Reserve","ley":"MARINE_RESERVES_ACT","area_ha":854.8},"geometry":{"type":"MultiPolygon","coordinates":[[[[174.77226,-41.34992],[174.77236,-41.34988],[174.7723,-41.34993],[174.77226,-41.34992]]],[[[174.78581,-41.34239],[174.78819,-41.34426],[174.78809,-41.34607],[174.78837,-41.3454],[174.78944,-41.34589],[174.78944,-41.36667],[174.74444,-41.36667],[174.7445,-41.34704],[174.7482,-41.34748],[174.74898,-41.34898],[174.75159,-41.34924],[174.75438,-41.3482],[174.75818,-41.34466],[174.76029,-41.34614],[174.75954,-41.34843],[174.76601,-41.34891],[174.76881,-41.34792],[174.77231,-41.34366],[174.77427,-41.34362],[174.77447,-41.34464],[174.77555,-41.34439],[174.77843,-41.34592],[174.7841,-41.34251],[174.78581,-41.34239]]],[[[174.77226,-41.34992],[174.77364,-41.35016],[174.77444,-41.34876],[174.77276,-41.34886],[174.77226,-41.34992]]],[[[174.77154,-41.34877],[174.77236,-41.34885],[174.77184,-41.34789],[174.77154,-41.34877]]],[[[174.77154,-41.34877],[174.77146,-41.34878],[174.77154,-41.34877],[174.77154,-41.34877]]]]}},{"type":"Feature","properties":{"id":2797862,"nombre":"Pōhatu Marine Reserve","ley":"MARINE_RESERVES_ACT","area_ha":215.3},"geometry":{"type":"Polygon","coordinates":[[[173.03507,-43.87233],[173.03791,-43.87808],[173.01598,-43.88723],[173.01242,-43.88299],[173.01735,-43.88048],[173.01679,-43.87967],[173.01736,-43.87958],[173.01333,-43.87914],[173.01138,-43.87644],[173.00563,-43.87356],[173.00352,-43.87088],[173.00316,-43.86883],[173.00748,-43.86836],[173.00895,-43.8691],[173.00919,-43.87087],[173.01154,-43.87225],[173.01851,-43.87527],[173.02177,-43.87587],[173.02405,-43.87297],[173.02685,-43.87423],[173.0297,-43.87379],[173.03233,-43.87188],[173.03507,-43.87233]]]}},{"type":"Feature","properties":{"id":2978399,"nombre":"Akaroa Marine Reserve","ley":"MARINE_RESERVES_ACT","area_ha":512.1},"geometry":{"type":"MultiPolygon","coordinates":[[[[172.98178,-43.88843],[172.98177,-43.88842],[172.98188,-43.88839],[172.98178,-43.88843]]],[[[172.98168,-43.88847],[172.98408,-43.89071],[172.96896,-43.90382],[172.94336,-43.87054],[172.94974,-43.8676],[172.95173,-43.86754],[172.95319,-43.86622],[172.95485,-43.86943],[172.95599,-43.86958],[172.95757,-43.86835],[172.96027,-43.87151],[172.96419,-43.87288],[172.96359,-43.87436],[172.966,-43.87279],[172.96866,-43.87499],[172.96917,-43.87654],[172.96833,-43.87813],[172.9693,-43.87994],[172.96833,-43.88584],[172.96893,-43.888],[172.96933,-43.88658],[172.97119,-43.88741],[172.97254,-43.88662],[172.97326,-43.88767],[172.97364,-43.88695],[172.97526,-43.88698],[172.97742,-43.88829],[172.97748,-43.8897],[172.97899,-43.89034],[172.98028,-43.88892],[172.97993,-43.88786],[172.98058,-43.88772],[172.98122,-43.88537],[172.98089,-43.8867],[172.98168,-43.88847]]],[[[172.97171,-43.89042],[172.97174,-43.89],[172.97159,-43.89018],[172.97171,-43.89042]]]]}},{"type":"Feature","properties":{"id":2940144,"nombre":"Moutere Mahue / Antipodes Island Marine Reserve","ley":"MARINE_RESERVES_ACT","area_ha":217286.7},"geometry":{"type":"Polygon","coordinates":[[[179.13154,-49.63564],[179.1314,-49.65705],[179.12849,-49.67587],[179.12543,-49.68704],[179.12023,-49.70081],[179.11843,-49.71267],[179.11457,-49.7276],[179.10501,-49.75069],[179.09459,-49.76836],[179.08162,-49.7853],[179.05221,-49.8189],[179.03542,-49.83438],[179.0204,-49.84598],[179.00826,-49.85418],[178.98649,-49.86681],[178.96295,-49.87805],[178.92298,-49.89317],[178.89633,-49.90102],[178.86866,-49.90719],[178.82347,-49.91511],[178.78873,-49.91855],[178.75361,-49.91941],[178.72439,-49.91815],[178.68976,-49.91429],[178.65603,-49.90791],[178.62366,-49.8991],[178.56295,-49.87836],[178.53877,-49.8677],[178.51198,-49.85304],[178.49176,-49.83937],[178.47028,-49.82143],[178.45488,-49.80536],[178.4443,-49.79186],[178.43743,-49.78142],[178.4297,-49.76714],[178.42244,-49.74882],[178.41857,-49.7339],[178.41684,-49.72273],[178.41081,-49.7032],[178.40765,-49.6806],[178.40805,-49.66169],[178.41215,-49.63915],[178.42015,-49.61706],[178.43194,-49.5957],[178.44455,-49.57866],[178.46286,-49.55934],[178.48155,-49.54358],[178.50137,-49.52975],[178.52766,-49.51484],[178.55142,-49.50396],[178.58709,-49.49128],[178.61472,-49.48399],[178.64136,-49.47111],[178.67663,-49.45799],[178.7033,-49.45053],[178.73092,-49.44474],[178.75924,-49.44067],[178.78397,-49.43849],[178.82072,-49.43761],[178.84966,-49.43885],[178.88396,-49.44268],[178.90637,-49.44663],[178.93897,-49.45459],[178.97059,-49.46493],[178.99524,-49.47492],[179.0206,-49.48759],[179.04195,-49.50041],[179.06498,-49.51744],[179.08493,-49.53605],[179.09899,-49.55261],[179.11119,-49.57078],[179.12172,-49.59242],[179.1281,-49.61305],[179.13154,-49.63564]],[[178.73118,-49.67309],[178.73106,-49.67307],[178.73101,-49.67321],[178.73118,-49.67309]],[[178.7387,-49.67943],[178.73841,-49.67946],[178.7384,-49.67952],[178.7387,-49.67943]],[[178.72929,-49.68688],[178.72918,-49.68678],[178.72888,-49.68685],[178.72929,-49.68688]],[[178.81112,-49.63985],[178.8112,-49.63969],[178.81089,-49.63981],[178.81112,-49.63985]],[[178.77148,-49.71312],[178.77131,-49.713],[178.77121,-49.7132],[178.77148,-49.71312]],[[178.77184,-49.71283],[178.7716,-49.71274],[178.77148,-49.71286],[178.77184,-49.71283]],[[178.71919,-49.67675],[178.71886,-49.6767],[178.71873,-49.67685],[178.71919,-49.67675]],[[178.80954,-49.67497],[178.80968,-49.67486],[178.80932,-49.67481],[178.80954,-49.67497]],[[178.76668,-49.67285],[178.76679,-49.67313],[178.76691,-49.67292],[178.76668,-49.67285]],[[178.81235,-49.64606],[178.81231,-49.64591],[178.81191,-49.64596],[178.81235,-49.64606]],[[178.73821,-49.67964],[178.73797,-49.67959],[178.73766,-49.67974],[178.73821,-49.67964]],[[178.79516,-49.6966],[178.79481,-49.6967],[178.79511,-49.69684],[178.79516,-49.6966]],[[178.81048,-49.67671],[178.81074,-49.67633],[178.81027,-49.67642],[178.81048,-49.67671]],[[178.78535,-49.70023],[178.78579,-49.7001],[178.78516,-49.69996],[178.78535,-49.70023]],[[178.77235,-49.71318],[178.77191,-49.71314],[178.77173,-49.71348],[178.77235,-49.71318]],[[178.73678,-49.69081],[178.73579,-49.69128],[178.73669,-49.69114],[178.73678,-49.69081]],[[178.75892,-49.71463],[178.75999,-49.71434],[178.75871,-49.71429],[178.75892,-49.71463]],[[178.75634,-49.71188],[178.75749,-49.71146],[178.75713,-49.71133],[178.75634,-49.71188]],[[178.75965,-49.71397],[178.76015,-49.71366],[178.75921,-49.71339],[178.75965,-49.71397]],[[178.81078,-49.67131],[178.81167,-49.67096],[178.81082,-49.67074],[178.81078,-49.67131]],[[178.81274,-49.67113],[178.81203,-49.6716],[178.81353,-49.67144],[178.81274,-49.67113]],[[178.71979,-49.67648],[178.71801,-49.6756],[178.71845,-49.67653],[178.71979,-49.67648]],[[178.75672,-49.67057],[178.75536,-49.67103],[178.75781,-49.67184],[178.75672,-49.67057]],[[178.72038,-49.67599],[178.72072,-49.67509],[178.71917,-49.6745],[178.71827,-49.67283],[178.71659,-49.6728],[178.7171,-49.67508],[178.72038,-49.67599]],[[178.8116,-49.63967],[178.81804,-49.63967],[178.81534,-49.63819],[178.81113,-49.63877],[178.8116,-49.63967]],[[178.73252,-49.67299],[178.73135,-49.67304],[178.73165,-49.67513],[178.73555,-49.67555],[178.73551,-49.67358],[178.7337,-49.67266],[178.73252,-49.67299]],[[178.80919,-49.68939],[178.81176,-49.68897],[178.81329,-49.68658],[178.80817,-49.68577],[178.80795,-49.6881],[178.80919,-49.68939]],[[178.81962,-49.63986],[178.81803,-49.64008],[178.81891,-49.6408],[178.81799,-49.64158],[178.81825,-49.64412],[178.81734,-49.6451],[178.81165,-49.64611],[178.8106,-49.64732],[178.81287,-49.649],[178.81555,-49.64968],[178.82209,-49.64935],[178.82,-49.64845],[178.82388,-49.64657],[178.822,-49.64553],[178.82375,-49.64406],[178.82323,-49.64168],[178.82121,-49.64006],[178.81962,-49.63986]],[[178.79458,-49.65964],[178.79562,-49.66081],[178.79272,-49.66009],[178.79344,-49.66161],[178.79101,-49.66099],[178.79102,-49.66243],[178.78916,-49.66251],[178.78855,-49.66386],[178.78705,-49.66389],[178.7868,-49.66491],[178.78409,-49.66492],[178.78216,-49.6632],[178.77621,-49.66465],[178.7756,-49.66517],[178.77688,-49.66661],[178.77869,-49.66722],[178.77629,-49.66799],[178.7768,-49.66819],[178.77595,-49.66858],[178.77637,-49.66947],[178.77463,-49.66953],[178.77524,-49.67103],[178.77377,-49.67213],[178.76582,-49.67391],[178.7642,-49.67297],[178.76382,-49.67398],[178.76256,-49.67289],[178.76213,-49.67406],[178.76121,-49.67282],[178.75858,-49.67242],[178.75752,-49.67354],[178.75779,-49.67485],[178.75598,-49.67311],[178.75593,-49.67396],[178.75514,-49.67347],[178.75424,-49.67447],[178.75484,-49.67699],[178.75344,-49.67611],[178.75065,-49.67648],[178.75074,-49.67536],[178.7488,-49.67516],[178.74555,-49.67643],[178.74566,-49.67786],[178.74711,-49.67863],[178.74616,-49.67902],[178.74686,-49.67988],[178.74575,-49.68056],[178.743,-49.68088],[178.74262,-49.68001],[178.73942,-49.67964],[178.73327,-49.68148],[178.73156,-49.68332],[178.72882,-49.68419],[178.72806,-49.68501],[178.72944,-49.68604],[178.73233,-49.68637],[178.73207,-49.68723],[178.73065,-49.68712],[178.73202,-49.68754],[178.7332,-49.68761],[178.73454,-49.68603],[178.7357,-49.68603],[178.73661,-49.68958],[178.73934,-49.69036],[178.7404,-49.69266],[178.73985,-49.69278],[178.74068,-49.69311],[178.74015,-49.69338],[178.74072,-49.69524],[178.73659,-49.69694],[178.73658,-49.69781],[178.73746,-49.69809],[178.73652,-49.69824],[178.73753,-49.69905],[178.73704,-49.69948],[178.73806,-49.69977],[178.7366,-49.70004],[178.73858,-49.70095],[178.73758,-49.70153],[178.73953,-49.70187],[178.73782,-49.70221],[178.73831,-49.70239],[178.73764,-49.70284],[178.73896,-49.70318],[178.73806,-49.70352],[178.73877,-49.70381],[178.73841,-49.70451],[178.74206,-49.70681],[178.7438,-49.70641],[178.75092,-49.70776],[178.75112,-49.70854],[178.75268,-49.70886],[178.75026,-49.70984],[178.75175,-49.71098],[178.75403,-49.71088],[178.75395,-49.70964],[178.7553,-49.7092],[178.75419,-49.70874],[178.75566,-49.70847],[178.75803,-49.70981],[178.75762,-49.71128],[178.75848,-49.71203],[178.75796,-49.7132],[178.75891,-49.71274],[178.76073,-49.71391],[178.76525,-49.71369],[178.7656,-49.7119],[178.76966,-49.71212],[178.77178,-49.71115],[178.77761,-49.71277],[178.77907,-49.71404],[178.78217,-49.71401],[178.78463,-49.71333],[178.78232,-49.71179],[178.78518,-49.71261],[178.7842,-49.71191],[178.7853,-49.71141],[178.78717,-49.71218],[178.78971,-49.71125],[178.78993,-49.71059],[178.78857,-49.71022],[178.78911,-49.70999],[178.78845,-49.70946],[178.7892,-49.70924],[178.78749,-49.70867],[178.7872,-49.7076],[178.7882,-49.70638],[178.78353,-49.70615],[178.78394,-49.70543],[178.78296,-49.70535],[178.78252,-49.70442],[178.78288,-49.70289],[178.78445,-49.70169],[178.78527,-49.69965],[178.78729,-49.69874],[178.78706,-49.69804],[178.79306,-49.6978],[178.79291,-49.69701],[178.79489,-49.69617],[178.79549,-49.69659],[178.79562,-49.69568],[178.79749,-49.69521],[178.79785,-49.69366],[178.79706,-49.69293],[178.79759,-49.69232],[178.80035,-49.69124],[178.80692,-49.68554],[178.80616,-49.68393],[178.80702,-49.68257],[178.80657,-49.67789],[178.81065,-49.67782],[178.80725,-49.67573],[178.80703,-49.67487],[178.80889,-49.6737],[178.80849,-49.67279],[178.81066,-49.6707],[178.80881,-49.67038],[178.80976,-49.6693],[178.80921,-49.66873],[178.8118,-49.66754],[178.81048,-49.66681],[178.80959,-49.66759],[178.80766,-49.66761],[178.80007,-49.66577],[178.79808,-49.66352],[178.79834,-49.66019],[178.79715,-49.65775],[178.79458,-49.65759],[178.79355,-49.65899],[178.79458,-49.65964]]]}},{"type":"Feature","properties":{"id":2940150,"nombre":"Moutere Hauriri / Bounty Islands Marine Reserve","ley":"MARINE_RESERVES_ACT","area_ha":104625.8},"geometry":{"type":"Polygon","coordinates":[[[179.35771,-47.72067],[179.35998,-47.72894],[179.15238,-47.72887],[179.15186,-47.95843],[179.12953,-47.96272],[179.09629,-47.96676],[179.06386,-47.96825],[179.03139,-47.96735],[178.99925,-47.96406],[178.96839,-47.95929],[178.93894,-47.95323],[178.90382,-47.94445],[178.90386,-47.56245],[178.92919,-47.55585],[178.94537,-47.55259],[178.97843,-47.54796],[179.01204,-47.54592],[179.04578,-47.54647],[179.07921,-47.54962],[179.1119,-47.55531],[179.1563,-47.56691],[179.19666,-47.57975],[179.2261,-47.59109],[179.25343,-47.60464],[179.27831,-47.6202],[179.30041,-47.63758],[179.3193,-47.65637],[179.33539,-47.67657],[179.34846,-47.69818],[179.35771,-47.72067]],[[179.06763,-47.76249],[179.06779,-47.76246],[179.06779,-47.76241],[179.06763,-47.76249]],[[179.04235,-47.76062],[179.04243,-47.76051],[179.04229,-47.76056],[179.04235,-47.76062]],[[179.06141,-47.7639],[179.06097,-47.76404],[179.06115,-47.76411],[179.06141,-47.7639]],[[179.03861,-47.76363],[179.03816,-47.76388],[179.03842,-47.76385],[179.03861,-47.76363]],[[179.0585,-47.76314],[179.05793,-47.76331],[179.05841,-47.76344],[179.0585,-47.76314]],[[179.06027,-47.76501],[179.06095,-47.76462],[179.0603,-47.76477],[179.06027,-47.76501]],[[179.02367,-47.75336],[179.02301,-47.75379],[179.02414,-47.75365],[179.02367,-47.75336]],[[179.01227,-47.76173],[179.01147,-47.76182],[179.01219,-47.76205],[179.01227,-47.76173]],[[179.02122,-47.74653],[179.02213,-47.74646],[179.02224,-47.74612],[179.02122,-47.74653]],[[179.03777,-47.76345],[179.03864,-47.76303],[179.03707,-47.76352],[179.03777,-47.76345]],[[179.02104,-47.74676],[179.02015,-47.74696],[179.02027,-47.74743],[179.02104,-47.74676]],[[179.06195,-47.7606],[179.06062,-47.76128],[179.06215,-47.7608],[179.06195,-47.7606]],[[179.02225,-47.74829],[179.02286,-47.74832],[179.02385,-47.74756],[179.02225,-47.74829]],[[179.01867,-47.74949],[179.01984,-47.74904],[179.01862,-47.74865],[179.01867,-47.74949]],[[179.04079,-47.76513],[179.0427,-47.76438],[179.042,-47.76422],[179.04079,-47.76513]],[[179.0647,-47.75896],[179.06289,-47.75979],[179.06423,-47.75982],[179.0647,-47.75896]],[[179.04231,-47.76218],[179.03974,-47.76257],[179.04127,-47.76318],[179.04316,-47.76219],[179.04231,-47.76218]],[[179.03071,-47.75132],[179.02905,-47.75197],[179.03182,-47.75172],[179.03202,-47.75114],[179.03071,-47.75132]],[[179.02709,-47.75068],[179.02842,-47.75167],[179.02962,-47.75101],[179.02709,-47.75068]],[[179.05994,-47.76805],[179.06177,-47.76782],[179.06251,-47.76541],[179.05994,-47.76805]],[[179.04199,-47.76052],[179.03982,-47.76206],[179.0426,-47.76157],[179.04332,-47.76075],[179.04199,-47.76052]],[[179.02703,-47.74904],[179.02495,-47.74993],[179.02634,-47.75073],[179.02818,-47.75011],[179.029,-47.74904],[179.02703,-47.74904]],[[179.02231,-47.74673],[179.01939,-47.74815],[179.0207,-47.74904],[179.02218,-47.7488],[179.02158,-47.74814],[179.02368,-47.74714],[179.02231,-47.74673]],[[179.04028,-47.75134],[179.03432,-47.75225],[179.04072,-47.75216],[179.04252,-47.75144],[179.04028,-47.75134]],[[179.02136,-47.75288],[179.01719,-47.75339],[179.01502,-47.75473],[179.02236,-47.75346],[179.02307,-47.75294],[179.02136,-47.75288]],[[179.02504,-47.75374],[179.02238,-47.7553],[179.02254,-47.75661],[179.02663,-47.75439],[179.02504,-47.75374]],[[179.0252,-47.75254],[179.02813,-47.75192],[179.0237,-47.74948],[179.02117,-47.75033],[179.02133,-47.75164],[179.01981,-47.75159],[179.02134,-47.75264],[179.0252,-47.75254]]]}},{"type":"Feature","properties":{"id":2940152,"nombre":"Moutere Ihupuku / Campbell Island Marine Reserve","ley":"MARINE_RESERVES_ACT","area_ha":290000.2},"geometry":{"type":"Polygon","coordinates":[[[169.33813,-52.40815],[169.338,-52.658],[168.70012,-52.658],[168.68809,-52.64426],[168.67591,-52.62687],[168.6665,-52.60886],[168.65896,-52.58664],[168.65676,-52.57538],[168.65546,-52.56027],[168.65704,-52.53761],[168.6594,-52.52636],[168.66418,-52.51152],[168.67474,-52.48977],[168.68658,-52.4723],[168.69795,-52.45886],[168.70755,-52.44915],[168.72261,-52.43548],[168.73394,-52.42649],[168.76158,-52.40801],[169.33813,-52.40815]],[[169.24435,-52.52385],[169.24443,-52.52384],[169.24442,-52.52379],[169.24435,-52.52385]],[[169.24132,-52.50517],[169.24126,-52.5052],[169.24132,-52.50524],[169.24132,-52.50517]],[[169.10746,-52.58443],[169.10755,-52.58442],[169.1075,-52.58437],[169.10746,-52.58443]],[[169.13602,-52.61297],[169.13612,-52.61295],[169.13602,-52.61291],[169.13602,-52.61297]],[[169.13772,-52.61135],[169.13784,-52.61131],[169.13773,-52.6113],[169.13772,-52.61135]],[[169.13904,-52.60883],[169.13905,-52.6089],[169.13914,-52.60891],[169.13904,-52.60883]],[[169.08387,-52.56677],[169.08378,-52.56683],[169.0839,-52.56682],[169.08387,-52.56677]],[[169.04114,-52.5666],[169.04097,-52.56666],[169.04105,-52.56668],[169.04114,-52.5666]],[[169.08155,-52.57344],[169.08146,-52.57344],[169.08143,-52.57351],[169.08155,-52.57344]],[[169.08285,-52.5718],[169.08276,-52.57181],[169.08273,-52.57188],[169.08285,-52.5718]],[[169.10892,-52.54258],[169.10903,-52.54255],[169.10891,-52.54251],[169.10892,-52.54258]],[[169.03642,-52.53266],[169.03631,-52.53268],[169.03644,-52.53272],[169.03642,-52.53266]],[[169.04301,-52.5649],[169.04294,-52.56485],[169.04285,-52.56489],[169.04301,-52.5649]],[[169.08358,-52.56495],[169.08349,-52.56497],[169.08357,-52.56504],[169.08358,-52.56495]],[[169.0906,-52.57897],[169.09044,-52.57905],[169.09057,-52.57904],[169.0906,-52.57897]],[[169.13498,-52.47698],[169.13489,-52.47696],[169.13498,-52.47702],[169.13498,-52.47698]],[[169.12158,-52.53665],[169.12148,-52.53653],[169.12145,-52.53658],[169.12158,-52.53665]],[[169.22744,-52.58445],[169.22762,-52.58442],[169.2275,-52.58439],[169.22744,-52.58445]],[[169.08311,-52.57208],[169.08301,-52.57208],[169.08306,-52.57216],[169.08311,-52.57208]],[[169.10043,-52.58145],[169.10062,-52.58141],[169.10053,-52.58138],[169.10043,-52.58145]],[[169.24201,-52.50547],[169.2418,-52.50546],[169.24187,-52.50551],[169.24201,-52.50547]],[[169.09751,-52.5493],[169.09763,-52.54928],[169.09749,-52.54922],[169.09751,-52.5493]],[[169.11902,-52.50292],[169.11895,-52.50293],[169.11901,-52.50308],[169.11902,-52.50292]],[[169.016,-52.54513],[169.01582,-52.54512],[169.01576,-52.54518],[169.016,-52.54513]],[[169.01105,-52.54691],[169.01088,-52.5469],[169.01082,-52.54696],[169.01105,-52.54691]],[[169.01388,-52.5472],[169.01371,-52.54727],[169.01384,-52.54728],[169.01388,-52.5472]],[[169.01869,-52.54191],[169.01852,-52.54197],[169.01865,-52.54199],[169.01869,-52.54191]],[[169.12768,-52.60304],[169.12749,-52.60305],[169.12761,-52.60311],[169.12768,-52.60304]],[[169.02484,-52.53521],[169.02458,-52.53527],[169.02481,-52.53527],[169.02484,-52.53521]],[[169.0842,-52.56764],[169.08408,-52.56766],[169.08411,-52.56772],[169.0842,-52.56764]],[[169.05213,-52.56457],[169.05208,-52.56464],[169.0522,-52.56465],[169.05213,-52.56457]],[[169.03735,-52.56202],[169.03725,-52.56202],[169.03725,-52.5621],[169.03735,-52.56202]],[[169.07675,-52.56381],[169.0766,-52.56384],[169.0767,-52.56392],[169.07675,-52.56381]],[[169.11605,-52.58738],[169.11594,-52.58741],[169.11612,-52.58749],[169.11605,-52.58738]],[[169.0838,-52.56989],[169.08393,-52.56982],[169.08383,-52.56981],[169.0838,-52.56989]],[[169.02481,-52.55335],[169.02469,-52.55335],[169.02465,-52.55341],[169.02481,-52.55335]],[[169.12455,-52.58862],[169.12443,-52.58866],[169.12449,-52.58877],[169.12455,-52.58862]],[[169.10751,-52.58422],[169.1078,-52.58408],[169.10756,-52.58414],[169.10751,-52.58422]],[[169.07086,-52.56297],[169.07087,-52.56291],[169.0707,-52.56293],[169.07086,-52.56297]],[[169.03476,-52.53252],[169.03463,-52.53253],[169.03476,-52.5326],[169.03476,-52.53252]],[[169.1079,-52.58421],[169.10815,-52.58421],[169.1079,-52.58414],[169.1079,-52.58421]],[[169.05433,-52.56464],[169.05421,-52.56464],[169.05423,-52.56473],[169.05433,-52.56464]],[[169.06118,-52.5408],[169.06153,-52.54078],[169.06134,-52.54074],[169.06118,-52.5408]],[[168.98831,-52.5518],[168.98806,-52.55186],[168.98835,-52.55187],[168.98831,-52.5518]],[[169.02375,-52.53697],[169.02367,-52.53708],[169.02382,-52.53705],[169.02375,-52.53697]],[[169.13881,-52.60865],[169.13891,-52.60855],[169.13874,-52.60857],[169.13881,-52.60865]],[[169.06475,-52.52052],[169.06454,-52.52057],[169.06477,-52.52057],[169.06475,-52.52052]],[[169.13591,-52.60832],[169.1358,-52.60846],[169.136,-52.6084],[169.13591,-52.60832]],[[169.03605,-52.56794],[169.03591,-52.56793],[169.03594,-52.56803],[169.03605,-52.56794]],[[169.13366,-52.52041],[169.13365,-52.52055],[169.13375,-52.5204],[169.13366,-52.52041]],[[169.13494,-52.61201],[169.1351,-52.61202],[169.13495,-52.61191],[169.13494,-52.61201]],[[169.13483,-52.47764],[169.13459,-52.47767],[169.13473,-52.47772],[169.13483,-52.47764]],[[169.11059,-52.54187],[169.11078,-52.54176],[169.11059,-52.54179],[169.11059,-52.54187]],[[169.10591,-52.54393],[169.1061,-52.54381],[169.10591,-52.54384],[169.10591,-52.54393]],[[169.06035,-52.54068],[169.06057,-52.54069],[169.06032,-52.54058],[169.06035,-52.54068]],[[169.13844,-52.61089],[169.13856,-52.61078],[169.13842,-52.61078],[169.13844,-52.61089]],[[169.1359,-52.50758],[169.13613,-52.50751],[169.13585,-52.50745],[169.1359,-52.50758]],[[169.06953,-52.5627],[169.06935,-52.56278],[169.06951,-52.56281],[169.06953,-52.5627]],[[169.06496,-52.56226],[169.06499,-52.56215],[169.06484,-52.56214],[169.06496,-52.56226]],[[169.05974,-52.54036],[169.05981,-52.54045],[169.06003,-52.54047],[169.05974,-52.54036]],[[169.0388,-52.56315],[169.03863,-52.56314],[169.03861,-52.56323],[169.0388,-52.56315]],[[169.10561,-52.54623],[169.10565,-52.54637],[169.10579,-52.5462],[169.10561,-52.54623]],[[169.13169,-52.50648],[169.13196,-52.5065],[169.13202,-52.50643],[169.13169,-52.50648]],[[169.13512,-52.50815],[169.13493,-52.50814],[169.13498,-52.50827],[169.13512,-52.50815]],[[169.09751,-52.58452],[169.09758,-52.58443],[169.09734,-52.58443],[169.09751,-52.58452]],[[169.1169,-52.58661],[169.11658,-52.58674],[169.1169,-52.5867],[169.1169,-52.58661]],[[169.07547,-52.53974],[169.07581,-52.53962],[169.07569,-52.5396],[169.07547,-52.53974]],[[169.13306,-52.52071],[169.13294,-52.52069],[169.13282,-52.52085],[169.13306,-52.52071]],[[169.01161,-52.54673],[169.0113,-52.54687],[169.01159,-52.54683],[169.01161,-52.54673]],[[169.10152,-52.58201],[169.10138,-52.58211],[169.1016,-52.58215],[169.10152,-52.58201]],[[169.05866,-52.54036],[169.05874,-52.54031],[169.05841,-52.54016],[169.05866,-52.54036]],[[169.03488,-52.53303],[169.03478,-52.53314],[169.03518,-52.53321],[169.03488,-52.53303]],[[169.10557,-52.54678],[169.10564,-52.54655],[169.1055,-52.54661],[169.10557,-52.54678]],[[169.13442,-52.61523],[169.13453,-52.61509],[169.13424,-52.6151],[169.13442,-52.61523]],[[169.15559,-52.4882],[169.15542,-52.48838],[169.15568,-52.48834],[169.15559,-52.4882]],[[169.15199,-52.48887],[169.15182,-52.48905],[169.15209,-52.489],[169.15199,-52.48887]],[[169.03804,-52.56283],[169.03781,-52.56279],[169.03786,-52.56293],[169.03804,-52.56283]],[[169.05854,-52.54115],[169.05855,-52.54133],[169.05873,-52.54123],[169.05854,-52.54115]],[[169.03276,-52.53222],[169.03257,-52.53239],[169.03279,-52.53249],[169.03276,-52.53222]],[[169.10516,-52.58324],[169.10537,-52.58324],[169.10541,-52.58312],[169.10516,-52.58324]],[[169.12174,-52.504],[169.12134,-52.50398],[169.12162,-52.50408],[169.12174,-52.504]],[[169.18527,-52.60457],[169.18563,-52.60452],[169.18524,-52.60445],[169.18527,-52.60457]],[[169.12225,-52.50428],[169.12199,-52.50431],[169.12241,-52.50439],[169.12225,-52.50428]],[[169.1784,-52.60348],[169.17834,-52.60369],[169.1785,-52.60365],[169.1784,-52.60348]],[[169.12139,-52.53697],[169.1217,-52.53689],[169.12143,-52.53681],[169.12139,-52.53697]],[[169.23833,-52.54338],[169.23854,-52.54359],[169.2385,-52.54337],[169.23833,-52.54338]],[[169.08684,-52.57363],[169.08657,-52.57391],[169.08684,-52.57377],[169.08684,-52.57363]],[[169.1328,-52.60803],[169.13248,-52.6081],[169.13276,-52.60815],[169.1328,-52.60803]],[[169.04586,-52.53255],[169.04601,-52.53231],[169.04592,-52.53222],[169.04586,-52.53255]],[[169.13253,-52.61302],[169.13233,-52.61308],[169.13271,-52.61317],[169.13253,-52.61302]],[[169.13228,-52.52115],[169.13269,-52.52102],[169.13244,-52.52101],[169.13228,-52.52115]],[[169.18457,-52.60408],[169.18496,-52.60401],[169.18466,-52.60394],[169.18457,-52.60408]],[[169.06526,-52.52152],[169.06477,-52.5215],[169.06464,-52.52161],[169.06526,-52.52152]],[[169.21632,-52.49556],[169.21651,-52.49561],[169.21681,-52.49543],[169.21632,-52.49556]],[[169.13185,-52.52174],[169.13202,-52.52177],[169.13204,-52.5214],[169.13185,-52.52174]],[[169.01306,-52.54294],[169.0126,-52.54301],[169.01279,-52.54309],[169.01306,-52.54294]],[[169.04138,-52.56736],[169.04119,-52.56747],[169.04153,-52.56756],[169.04138,-52.56736]],[[169.13203,-52.52224],[169.13176,-52.52232],[169.13206,-52.52236],[169.13203,-52.52224]],[[169.12315,-52.50426],[169.1229,-52.50452],[169.12323,-52.50443],[169.12315,-52.50426]],[[169.14664,-52.50036],[169.14627,-52.50041],[169.14659,-52.50054],[169.14664,-52.50036]],[[169.11624,-52.5868],[169.1156,-52.58705],[169.11617,-52.5869],[169.11624,-52.5868]],[[169.26876,-52.54913],[169.26871,-52.54941],[169.26896,-52.54936],[169.26876,-52.54913]],[[169.13479,-52.4771],[169.13449,-52.47749],[169.13472,-52.47744],[169.13479,-52.4771]],[[169.23505,-52.54365],[169.23546,-52.54348],[169.235,-52.54349],[169.23505,-52.54365]],[[169.21904,-52.48739],[169.21942,-52.48724],[169.21882,-52.48726],[169.21904,-52.48739]],[[169.22967,-52.46947],[169.23029,-52.46926],[169.2297,-52.46934],[169.22967,-52.46947]],[[169.14259,-52.50216],[169.14208,-52.50244],[169.14215,-52.50261],[169.14259,-52.50216]],[[169.21939,-52.48655],[169.21976,-52.48637],[169.21945,-52.4863],[169.21939,-52.48655]],[[169.07682,-52.56344],[169.07643,-52.56345],[169.0763,-52.56367],[169.07682,-52.56344]],[[169.07387,-52.56304],[169.07338,-52.56307],[169.07374,-52.56321],[169.07387,-52.56304]],[[169.11712,-52.53625],[169.11707,-52.53667],[169.11738,-52.53612],[169.11712,-52.53625]],[[169.15101,-52.481],[169.15063,-52.48114],[169.15076,-52.48136],[169.15101,-52.481]],[[169.06326,-52.52064],[169.06401,-52.52052],[169.06381,-52.52042],[169.06326,-52.52064]],[[169.03901,-52.57606],[169.03947,-52.57587],[169.03888,-52.57581],[169.03901,-52.57606]],[[169.09769,-52.58447],[169.09813,-52.58444],[169.09831,-52.58421],[169.09769,-52.58447]],[[169.14167,-52.50222],[169.14182,-52.50188],[169.14144,-52.5019],[169.14167,-52.50222]],[[169.13427,-52.51561],[169.13367,-52.51573],[169.13404,-52.51601],[169.13427,-52.51561]],[[169.05762,-52.56366],[169.05818,-52.56356],[169.05774,-52.56336],[169.05762,-52.56366]],[[169.17075,-52.47735],[169.17122,-52.47728],[169.17043,-52.47701],[169.17075,-52.47735]],[[169.03872,-52.53452],[169.03782,-52.53471],[169.03894,-52.53481],[169.03872,-52.53452]],[[169.12562,-52.53052],[169.12497,-52.53026],[169.12449,-52.5303],[169.12562,-52.53052]],[[169.12842,-52.60277],[169.12804,-52.60307],[169.12851,-52.60317],[169.12842,-52.60277]],[[169.10532,-52.58386],[169.10592,-52.58339],[169.10582,-52.58298],[169.10532,-52.58386]],[[169.04415,-52.52951],[169.04389,-52.52969],[169.04438,-52.53004],[169.04415,-52.52951]],[[169.0139,-52.54607],[169.01222,-52.54657],[169.01334,-52.54638],[169.0139,-52.54607]],[[169.12174,-52.53156],[169.12231,-52.53196],[169.12181,-52.53098],[169.12174,-52.53156]],[[169.10613,-52.58296],[169.10645,-52.58336],[169.10702,-52.58278],[169.10613,-52.58296]],[[169.12632,-52.62076],[169.1272,-52.62064],[169.12654,-52.62033],[169.12632,-52.62076]],[[169.02647,-52.55262],[169.02581,-52.55278],[169.02502,-52.55359],[169.02647,-52.55262]],[[169.24259,-52.52546],[169.24166,-52.52554],[169.24219,-52.52599],[169.24259,-52.52546]],[[169.01594,-52.54105],[169.01703,-52.54094],[169.01594,-52.54072],[169.01594,-52.54105]],[[169.10165,-52.58115],[169.10283,-52.58109],[169.10189,-52.5808],[169.10165,-52.58115]],[[169.01516,-52.54557],[169.01414,-52.54578],[169.01533,-52.54604],[169.01516,-52.54557]],[[169.24472,-52.52447],[169.24337,-52.52469],[169.24422,-52.52488],[169.24472,-52.52447]],[[169.19066,-52.47348],[169.19091,-52.47317],[169.18973,-52.47301],[169.19066,-52.47348]],[[169.13333,-52.61429],[169.13451,-52.61383],[169.13387,-52.61356],[169.13333,-52.61429]],[[169.13223,-52.5076],[169.1317,-52.50676],[169.1311,-52.50754],[169.13223,-52.5076]],[[169.03652,-52.53414],[169.03721,-52.53387],[169.03572,-52.53336],[169.03652,-52.53414]],[[169.10355,-52.58331],[169.10367,-52.58267],[169.10224,-52.5831],[169.10355,-52.58331]],[[169.13133,-52.50702],[169.1315,-52.50607],[169.13078,-52.50585],[169.13134,-52.50669],[169.13048,-52.50716],[169.13133,-52.50702]],[[169.12739,-52.60432],[169.12828,-52.60371],[169.12704,-52.60387],[169.12739,-52.60432]],[[169.012,-52.54613],[169.01343,-52.54574],[169.01146,-52.54572],[169.01095,-52.54636],[169.012,-52.54613]],[[169.13411,-52.61288],[169.13533,-52.61268],[169.13394,-52.61225],[169.13411,-52.61288]],[[169.01496,-52.53976],[169.01564,-52.53973],[169.01475,-52.53884],[169.01366,-52.53895],[169.01481,-52.53938],[169.01376,-52.53971],[169.01496,-52.53976]],[[169.10587,-52.54506],[169.10658,-52.54471],[169.10395,-52.54418],[169.10587,-52.54506]],[[169.24314,-52.50483],[169.24234,-52.50534],[169.24308,-52.50548],[169.24469,-52.50447],[169.24314,-52.50483]],[[169.11434,-52.53613],[169.1165,-52.53586],[169.11549,-52.535],[169.11434,-52.53613]],[[168.98531,-52.55523],[168.98284,-52.55614],[168.9847,-52.55615],[168.98531,-52.55523]],[[169.0476,-52.56653],[169.05031,-52.56522],[169.04824,-52.5653],[169.0476,-52.56653]],[[169.12264,-52.50416],[169.12388,-52.50379],[169.1238,-52.50265],[169.12164,-52.50298],[169.12152,-52.50362],[169.12264,-52.50416]],[[169.02128,-52.55021],[169.01826,-52.55121],[169.02215,-52.55161],[169.02204,-52.55027],[169.02128,-52.55021]],[[169.06441,-52.58151],[169.06595,-52.58077],[169.06382,-52.57936],[169.06261,-52.58121],[169.06441,-52.58151]],[[169.0181,-52.57841],[169.019,-52.57774],[169.01907,-52.57581],[169.01639,-52.57602],[169.01686,-52.5766],[169.01611,-52.57689],[169.0175,-52.57749],[169.01678,-52.57802],[169.0181,-52.57841]],[[168.98989,-52.552],[168.99412,-52.55121],[168.99006,-52.55024],[168.98854,-52.55142],[168.98989,-52.552]],[[169.04834,-52.57185],[169.05006,-52.57156],[169.05093,-52.57049],[169.04968,-52.56962],[169.04638,-52.56953],[169.04623,-52.57106],[169.04834,-52.57185]],[[169.04254,-52.53403],[169.04598,-52.53404],[169.04615,-52.53314],[169.04431,-52.53264],[169.044,-52.5317],[169.04074,-52.53146],[169.04041,-52.53241],[169.04254,-52.53403]],[[169.12871,-52.4696],[169.13089,-52.46916],[169.13064,-52.46786],[169.12649,-52.46727],[169.12607,-52.46861],[169.12724,-52.4707],[169.1284,-52.47082],[169.12871,-52.4696]],[[169.06592,-52.52571],[169.06799,-52.52485],[169.06928,-52.52275],[169.06862,-52.52124],[169.06132,-52.52246],[169.06141,-52.52496],[169.06592,-52.52571]],[[169.12563,-52.61622],[169.1205,-52.61683],[169.12013,-52.61747],[169.12513,-52.6201],[169.13066,-52.61686],[169.13047,-52.61523],[169.12893,-52.61471],[169.12699,-52.61483],[169.12563,-52.61622]],[[169.19427,-52.46613],[169.19124,-52.46636],[169.19389,-52.46972],[169.19167,-52.47249],[169.19191,-52.47463],[169.18956,-52.47704],[169.18343,-52.47516],[169.17551,-52.47493],[169.17373,-52.47294],[169.17256,-52.47521],[169.17409,-52.4762],[169.17389,-52.47685],[169.17171,-52.47703],[169.17148,-52.4784],[169.16945,-52.47902],[169.16788,-52.4781],[169.16407,-52.47935],[169.16289,-52.47871],[169.15956,-52.48101],[169.15964,-52.48005],[169.15684,-52.48062],[169.15335,-52.47839],[169.14706,-52.478],[169.14714,-52.47706],[169.14525,-52.47528],[169.1388,-52.47476],[169.13559,-52.47639],[169.1352,-52.47729],[169.13735,-52.47856],[169.14164,-52.47968],[169.14494,-52.47851],[169.14653,-52.47886],[169.14638,-52.47953],[169.14985,-52.48063],[169.15328,-52.48063],[169.15903,-52.48306],[169.15925,-52.48417],[169.15759,-52.48485],[169.15772,-52.48568],[169.15646,-52.48645],[169.15477,-52.48667],[169.15651,-52.4877],[169.15624,-52.48899],[169.15204,-52.48935],[169.1516,-52.49163],[169.15029,-52.49257],[169.1538,-52.49522],[169.14592,-52.50149],[169.14281,-52.50269],[169.14284,-52.50389],[169.1376,-52.50651],[169.13692,-52.5074],[169.13791,-52.50919],[169.13738,-52.51005],[169.13409,-52.51025],[169.13088,-52.51374],[169.13308,-52.51412],[169.13204,-52.51536],[169.13725,-52.5164],[169.13318,-52.51769],[169.13306,-52.51864],[169.1318,-52.51893],[169.13409,-52.52031],[169.13251,-52.52166],[169.13417,-52.52347],[169.13194,-52.52476],[169.13031,-52.52382],[169.12889,-52.5242],[169.12854,-52.52544],[169.13034,-52.52631],[169.12878,-52.52739],[169.12867,-52.52949],[169.12935,-52.52994],[169.12768,-52.53107],[169.12585,-52.53049],[169.12706,-52.53159],[169.12574,-52.53139],[169.12603,-52.533],[169.12525,-52.534],[169.12164,-52.5329],[169.12112,-52.53375],[169.12205,-52.53513],[169.12139,-52.53573],[169.12241,-52.53724],[169.11675,-52.53682],[169.11524,-52.53802],[169.11462,-52.53723],[169.11112,-52.53708],[169.11159,-52.53789],[169.11389,-52.53839],[169.11449,-52.54075],[169.11279,-52.54211],[169.11127,-52.54176],[169.11145,-52.54418],[169.10897,-52.54428],[169.1083,-52.54574],[169.10345,-52.54877],[169.09845,-52.55022],[169.09418,-52.54877],[169.09334,-52.54929],[169.09053,-52.54787],[169.09164,-52.55004],[169.09079,-52.5506],[169.08553,-52.54821],[169.08291,-52.54862],[169.08067,-52.54633],[169.08103,-52.5459],[169.07952,-52.54606],[169.07733,-52.54436],[169.0782,-52.54227],[169.07931,-52.54177],[169.07896,-52.5413],[169.08287,-52.53995],[169.08136,-52.53935],[169.08181,-52.5366],[169.07742,-52.53942],[169.0747,-52.54017],[169.07291,-52.54033],[169.06963,-52.53892],[169.0689,-52.53996],[169.06607,-52.5397],[169.06526,-52.54082],[169.05603,-52.54191],[169.05255,-52.5414],[169.0528,-52.54092],[169.0486,-52.5384],[169.04626,-52.53413],[169.04416,-52.53503],[169.03921,-52.53493],[169.03456,-52.53649],[169.03151,-52.53663],[169.02974,-52.53532],[169.02533,-52.53542],[169.02502,-52.53593],[169.02673,-52.53612],[169.02595,-52.53646],[169.02735,-52.53747],[169.02496,-52.53808],[169.02524,-52.53876],[169.02144,-52.54047],[169.02136,-52.54147],[169.01934,-52.54275],[169.01972,-52.54388],[169.01495,-52.54367],[169.01766,-52.54425],[169.01582,-52.54475],[169.01688,-52.54513],[169.01652,-52.54585],[169.02056,-52.54849],[169.02721,-52.55043],[169.02933,-52.55307],[169.02873,-52.55462],[169.03059,-52.55413],[169.03265,-52.55554],[169.03346,-52.55864],[169.04001,-52.56336],[169.04012,-52.56422],[169.03838,-52.56486],[169.03814,-52.56579],[169.03587,-52.56565],[169.03651,-52.56731],[169.03832,-52.5683],[169.04034,-52.56828],[169.04035,-52.56656],[169.04363,-52.56378],[169.04551,-52.56396],[169.04548,-52.5649],[169.04694,-52.56396],[169.04977,-52.56494],[169.05128,-52.56413],[169.05267,-52.56519],[169.05467,-52.56427],[169.05446,-52.56231],[169.05589,-52.56166],[169.0575,-52.56199],[169.05758,-52.56294],[169.05894,-52.5619],[169.06126,-52.56292],[169.06355,-52.56115],[169.06424,-52.562],[169.06679,-52.56223],[169.06941,-52.56112],[169.06819,-52.56229],[169.07003,-52.56298],[169.07279,-52.56296],[169.07357,-52.56223],[169.07437,-52.56291],[169.07749,-52.56296],[169.07858,-52.56414],[169.08384,-52.56452],[169.08507,-52.56871],[169.08441,-52.57181],[169.08136,-52.57399],[169.08271,-52.57414],[169.08206,-52.57522],[169.08362,-52.57554],[169.08423,-52.57444],[169.08367,-52.57374],[169.08597,-52.57395],[169.08666,-52.5729],[169.09195,-52.57321],[169.09324,-52.57375],[169.09411,-52.57549],[169.08992,-52.57772],[169.09193,-52.57921],[169.09418,-52.57889],[169.09488,-52.57954],[169.0934,-52.57986],[169.09388,-52.58048],[169.0975,-52.57944],[169.10216,-52.57963],[169.10463,-52.5815],[169.10738,-52.58215],[169.10646,-52.58361],[169.10836,-52.58397],[169.10758,-52.58496],[169.10867,-52.58539],[169.10679,-52.58627],[169.1059,-52.5878],[169.10383,-52.58833],[169.10377,-52.58928],[169.1068,-52.5891],[169.11022,-52.58724],[169.11136,-52.58777],[169.11197,-52.58637],[169.11401,-52.58569],[169.11458,-52.58679],[169.1163,-52.5861],[169.11974,-52.58681],[169.11829,-52.58878],[169.12041,-52.589],[169.12037,-52.58829],[169.12409,-52.58752],[169.12757,-52.58848],[169.12854,-52.59028],[169.1272,-52.59184],[169.12908,-52.59244],[169.12881,-52.59484],[169.12332,-52.60071],[169.12906,-52.6015],[169.12881,-52.60254],[169.12963,-52.60306],[169.129,-52.60508],[169.13373,-52.60732],[169.13358,-52.60843],[169.13847,-52.60854],[169.13785,-52.60695],[169.13198,-52.60324],[169.13142,-52.60214],[169.13292,-52.60181],[169.13499,-52.59992],[169.1394,-52.6004],[169.14141,-52.59875],[169.14253,-52.59916],[169.1468,-52.59508],[169.14693,-52.59355],[169.14752,-52.5957],[169.14715,-52.60113],[169.1539,-52.60343],[169.15297,-52.60557],[169.15334,-52.60656],[169.15595,-52.6069],[169.16103,-52.60465],[169.16452,-52.60407],[169.16913,-52.60524],[169.17123,-52.60326],[169.17341,-52.60285],[169.17636,-52.60409],[169.18032,-52.60291],[169.18404,-52.60367],[169.18076,-52.60049],[169.17684,-52.59869],[169.17587,-52.59643],[169.17484,-52.59621],[169.17259,-52.59192],[169.17395,-52.59061],[169.18003,-52.59206],[169.18674,-52.59626],[169.19062,-52.59677],[169.19055,-52.59766],[169.19288,-52.59743],[169.19649,-52.60025],[169.20179,-52.59856],[169.20367,-52.60202],[169.20704,-52.60146],[169.20796,-52.60089],[169.20633,-52.59872],[169.20785,-52.59855],[169.20898,-52.59571],[169.21265,-52.59561],[169.2151,-52.59081],[169.21753,-52.5903],[169.21826,-52.58884],[169.21829,-52.59106],[169.21944,-52.59322],[169.22185,-52.59278],[169.22005,-52.59037],[169.22156,-52.58905],[169.22169,-52.58698],[169.22439,-52.58651],[169.22418,-52.58464],[169.22978,-52.58374],[169.23341,-52.58126],[169.23423,-52.58017],[169.23388,-52.57957],[169.23581,-52.57933],[169.23713,-52.57735],[169.24177,-52.57594],[169.24219,-52.57553],[169.23925,-52.57268],[169.22998,-52.56869],[169.22034,-52.56699],[169.20138,-52.55767],[169.1812,-52.55587],[169.17379,-52.55364],[169.17298,-52.55301],[169.17371,-52.5524],[169.16751,-52.55513],[169.15923,-52.55511],[169.149,-52.55713],[169.14152,-52.56078],[169.13741,-52.56019],[169.13626,-52.56053],[169.13594,-52.56317],[169.13469,-52.56345],[169.13335,-52.56295],[169.13275,-52.56064],[169.1363,-52.55687],[169.13488,-52.55636],[169.13468,-52.55476],[169.1413,-52.55669],[169.14666,-52.5547],[169.14428,-52.55132],[169.14249,-52.55071],[169.14208,-52.5483],[169.14344,-52.54825],[169.14353,-52.54759],[169.14768,-52.55144],[169.15046,-52.55182],[169.15505,-52.54789],[169.15704,-52.54416],[169.16919,-52.54566],[169.17251,-52.54532],[169.17335,-52.54593],[169.18426,-52.54507],[169.1873,-52.54613],[169.19029,-52.54612],[169.19059,-52.54722],[169.19148,-52.54735],[169.1921,-52.54618],[169.19923,-52.54644],[169.20235,-52.54488],[169.20851,-52.54528],[169.21004,-52.54654],[169.21825,-52.54973],[169.22354,-52.55468],[169.23162,-52.56022],[169.23214,-52.55986],[169.23204,-52.56059],[169.23541,-52.56139],[169.23627,-52.56346],[169.24505,-52.56363],[169.24556,-52.56249],[169.24975,-52.56374],[169.25614,-52.56265],[169.26099,-52.56357],[169.26054,-52.56037],[169.26138,-52.55814],[169.2603,-52.55637],[169.26139,-52.55578],[169.26475,-52.55619],[169.26349,-52.55455],[169.26759,-52.55135],[169.26836,-52.54932],[169.26443,-52.5491],[169.25564,-52.5468],[169.25435,-52.54717],[169.25305,-52.54637],[169.24689,-52.5481],[169.24604,-52.5478],[169.24659,-52.54657],[169.24168,-52.54687],[169.23959,-52.54614],[169.24105,-52.5451],[169.23937,-52.54382],[169.23683,-52.54324],[169.23427,-52.54401],[169.23269,-52.54263],[169.23285,-52.54136],[169.23197,-52.54135],[169.23424,-52.54074],[169.23511,-52.5392],[169.23344,-52.53889],[169.23373,-52.53777],[169.23511,-52.53735],[169.23316,-52.53674],[169.23364,-52.53651],[169.23278,-52.53572],[169.23263,-52.53231],[169.23558,-52.52749],[169.23509,-52.52705],[169.23695,-52.5254],[169.24092,-52.52573],[169.24377,-52.52364],[169.24105,-52.52239],[169.24241,-52.52109],[169.23794,-52.52],[169.23576,-52.51791],[169.23706,-52.51673],[169.23682,-52.51568],[169.24143,-52.5138],[169.23924,-52.51225],[169.23932,-52.51112],[169.2319,-52.51415],[169.23061,-52.51356],[169.22702,-52.51528],[169.22512,-52.51493],[169.22505,-52.5158],[169.20406,-52.51806],[169.19642,-52.51996],[169.19253,-52.52199],[169.18904,-52.52164],[169.1948,-52.51942],[169.19043,-52.51911],[169.19181,-52.51775],[169.18894,-52.51836],[169.19166,-52.51642],[169.19547,-52.51521],[169.2228,-52.51187],[169.23238,-52.50831],[169.23243,-52.50763],[169.2372,-52.50569],[169.23583,-52.50492],[169.2307,-52.50577],[169.22734,-52.50431],[169.22109,-52.50357],[169.2195,-52.50219],[169.21782,-52.50189],[169.21809,-52.49974],[169.21923,-52.49935],[169.21555,-52.49778],[169.21631,-52.49353],[169.21535,-52.49195],[169.21763,-52.48954],[169.21723,-52.48849],[169.2193,-52.4869],[169.21917,-52.48592],[169.22294,-52.48339],[169.2225,-52.4804],[169.22473,-52.47842],[169.22497,-52.47587],[169.2278,-52.47382],[169.22581,-52.47233],[169.2273,-52.47077],[169.21913,-52.47018],[169.21615,-52.46906],[169.21592,-52.46796],[169.21467,-52.46728],[169.21244,-52.46706],[169.20315,-52.46955],[169.20045,-52.46901],[169.19883,-52.46712],[169.19605,-52.46705],[169.19427,-52.46613]]]}},{"type":"Feature","properties":{"id":2982680,"nombre":"Kahurangi Marine Reserve","ley":"MARINE_RESERVES_ACT","area_ha":8418.9},"geometry":{"type":"Polygon","coordinates":[[[172.10592,-41.05715],[172.04656,-41.05668],[172.03513,-40.91474],[172.09448,-40.91523],[172.09688,-40.9196],[172.09627,-40.92623],[172.09889,-40.93616],[172.09652,-40.9423],[172.10076,-40.9556],[172.10092,-40.97143],[172.10303,-40.97897],[172.10494,-40.98271],[172.10486,-40.98369],[172.10328,-40.98451],[172.10564,-40.9854],[172.10741,-40.98516],[172.10766,-40.98635],[172.1067,-40.98795],[172.10789,-40.99106],[172.11038,-41.00497],[172.1106,-41.00978],[172.10862,-41.01824],[172.11163,-41.02578],[172.11162,-41.03528],[172.11076,-41.03757],[172.10444,-41.0432],[172.10704,-41.0467],[172.10592,-41.05715]],[[172.09296,-40.91676],[172.09256,-40.917],[172.09277,-40.91707],[172.09296,-40.91676]],[[172.09615,-40.94176],[172.0959,-40.94188],[172.09633,-40.94209],[172.09615,-40.94176]],[[172.09612,-40.9458],[172.09549,-40.94592],[172.09601,-40.9461],[172.09612,-40.9458]],[[172.09391,-40.91601],[172.09283,-40.91603],[172.0938,-40.91625],[172.09391,-40.91601]],[[172.09245,-40.91715],[172.09141,-40.91725],[172.09198,-40.91737],[172.09245,-40.91715]]]}},{"type":"Feature","properties":{"id":2982455,"nombre":"Hikurangi Marine Reserve","ley":"MARINE_RESERVES_ACT","area_ha":10416},"geometry":{"type":"Polygon","coordinates":[[[173.55418,-42.45818],[173.55677,-42.45849],[173.566,-42.46803],[173.72718,-42.49534],[173.76365,-42.60082],[173.69824,-42.61271],[173.65958,-42.49825],[173.64617,-42.49907],[173.63808,-42.52448],[173.61552,-42.54919],[173.58579,-42.53554],[173.61019,-42.51619],[173.61271,-42.49478],[173.54101,-42.46584],[173.54402,-42.46283],[173.54545,-42.46286],[173.54484,-42.46219],[173.54544,-42.46113],[173.548,-42.45911],[173.55418,-42.45818]]]}},{"type":"Feature","properties":{"id":2982674,"nombre":"Hautai Marine Reserve","ley":"MARINE_RESERVES_ACT","area_ha":853.3},"geometry":{"type":"Polygon","coordinates":[[[168.1526,-44.20472],[168.14948,-44.21217],[168.14544,-44.21628],[168.14055,-44.21889],[168.13731,-44.21954],[168.13564,-44.22262],[168.12586,-44.22746],[168.12343,-44.22983],[168.11923,-44.23182],[168.11442,-44.23614],[168.11131,-44.23691],[168.10377,-44.24319],[168.09796,-44.24477],[168.08842,-44.23531],[168.14187,-44.2001],[168.1526,-44.20472]]]}},{"type":"Feature","properties":{"id":2982687,"nombre":"Waiau Glacier Coast Marine Reserve","ley":"MARINE_RESERVES_ACT","area_ha":4557.4},"geometry":{"type":"Polygon","coordinates":[[[170.06668,-43.28374],[170.06221,-43.28435],[170.05655,-43.28356],[170.05467,-43.28466],[170.05748,-43.28722],[170.06589,-43.29002],[170.06244,-43.2951],[170.05714,-43.29037],[170.0518,-43.28961],[170.05047,-43.28868],[170.0461,-43.29309],[170.04313,-43.29873],[170.04052,-43.30172],[170.03574,-43.3038],[170.00635,-43.2783],[170.09205,-43.20878],[170.13278,-43.23206],[170.12944,-43.23492],[170.11506,-43.25214],[170.10608,-43.2588],[170.10114,-43.25997],[170.10108,-43.26075],[170.0937,-43.26721],[170.08415,-43.27453],[170.07118,-43.28211],[170.06668,-43.28374]]]}},{"type":"Feature","properties":{"id":2982690,"nombre":"Tauparikākā Marine Reserve","ley":"MARINE_RESERVES_ACT","area_ha":16.6},"geometry":{"type":"Polygon","coordinates":[[[169.14859,-43.75536],[169.14928,-43.75568],[169.14823,-43.75705],[169.14959,-43.75785],[169.14918,-43.75815],[169.14782,-43.75731],[169.14835,-43.75564],[169.14418,-43.75991],[169.14191,-43.75871],[169.14662,-43.75407],[169.14859,-43.75536]]]}},{"type":"Feature","properties":{"id":2797401,"nombre":"Long Bay-Okura Marine Reserve","ley":"MARINE_RESERVES_ACT","area_ha":980},"geometry":{"type":"MultiPolygon","coordinates":[[[[174.74222,-36.68232],[174.74222,-36.68232],[174.74222,-36.68232],[174.74222,-36.68232]]],[[[174.74223,-36.68296],[174.74223,-36.68298],[174.74223,-36.68297],[174.74223,-36.68296]]],[[[174.70146,-36.66964],[174.70148,-36.66963],[174.70147,-36.66964],[174.70146,-36.66964]]],[[[174.70862,-36.68414],[174.70866,-36.68421],[174.70865,-36.6842],[174.70862,-36.68414]]],[[[174.74223,-36.68296],[174.74213,-36.68263],[174.74222,-36.68232],[174.74223,-36.68296]]],[[[174.70866,-36.68421],[174.70944,-36.68462],[174.70958,-36.68551],[174.70866,-36.68421]]],[[[174.74223,-36.68298],[174.74207,-36.68359],[174.74195,-36.68335],[174.74223,-36.68298]]],[[[174.70127,-36.66969],[174.70146,-36.66964],[174.70055,-36.67051],[174.70127,-36.66969]]],[[[174.70148,-36.66963],[174.70278,-36.66811],[174.70006,-36.66661],[174.6994,-36.66499],[174.70051,-36.66687],[174.70553,-36.66889],[174.70756,-36.67208],[174.71014,-36.67388],[174.71313,-36.67389],[174.7153,-36.67289],[174.71872,-36.66934],[174.71583,-36.66934],[174.71819,-36.66795],[174.72317,-36.66751],[174.7231,-36.66979],[174.72384,-36.66725],[174.72843,-36.66457],[174.72959,-36.66253],[174.73178,-36.662],[174.72978,-36.66168],[174.72784,-36.65765],[174.7249,-36.6571],[174.72319,-36.65464],[174.72039,-36.65299],[174.7233,-36.65466],[174.72493,-36.65703],[174.72696,-36.65777],[174.72812,-36.65725],[174.7284,-36.65559],[174.72731,-36.64897],[174.74466,-36.65036],[174.7754,-36.68573],[174.76187,-36.69623],[174.76135,-36.69459],[174.75695,-36.69275],[174.75369,-36.68904],[174.75196,-36.68894],[174.75063,-36.6906],[174.7488,-36.6899],[174.75065,-36.69042],[174.75255,-36.68881],[174.7486,-36.68062],[174.74796,-36.68025],[174.74711,-36.68126],[174.74507,-36.68059],[174.7422,-36.68163],[174.74222,-36.68232],[174.74191,-36.68176],[174.74524,-36.68033],[174.74722,-36.681],[174.74851,-36.6785],[174.74618,-36.66716],[174.74868,-36.66458],[174.74697,-36.66389],[174.74425,-36.66079],[174.74058,-36.66265],[174.73978,-36.66412],[174.73616,-36.66531],[174.73265,-36.66941],[174.73319,-36.67176],[174.73202,-36.67006],[174.7258,-36.67016],[174.72433,-36.67295],[174.72593,-36.67288],[174.72539,-36.67326],[174.7263,-36.67471],[174.72497,-36.67533],[174.72494,-36.67782],[174.72432,-36.67419],[174.72234,-36.67349],[174.72311,-36.67265],[174.72263,-36.67215],[174.7154,-36.67585],[174.71508,-36.67728],[174.71341,-36.67723],[174.71365,-36.67803],[174.71223,-36.6767],[174.71048,-36.67705],[174.71002,-36.67641],[174.70828,-36.6786],[174.70916,-36.68009],[174.70818,-36.68119],[174.70862,-36.68414],[174.70787,-36.67928],[174.7065,-36.67968],[174.70618,-36.68101],[174.70418,-36.68098],[174.70214,-36.6823],[174.70103,-36.68185],[174.69992,-36.68275],[174.70062,-36.68144],[174.69761,-36.68107],[174.69826,-36.68064],[174.70184,-36.68166],[174.70461,-36.68064],[174.70858,-36.67643],[174.70866,-36.67572],[174.70635,-36.67433],[174.70439,-36.67634],[174.70549,-36.67424],[174.70782,-36.67275],[174.70672,-36.67171],[174.7049,-36.67211],[174.70589,-36.6715],[174.70536,-36.67115],[174.70654,-36.67123],[174.70412,-36.66884],[174.70148,-36.66963]]]]}},{"type":"Feature","properties":{"id":2803619,"nombre":"Westhaven (Te Tai Tapu) Marine Reserve","ley":"MARINE_RESERVES_ACT","area_ha":535.7},"geometry":{"type":"MultiPolygon","coordinates":[[[[172.54346,-40.61918],[172.54309,-40.61863],[172.54365,-40.61856],[172.54346,-40.61918]]],[[[172.56351,-40.61336],[172.56281,-40.61268],[172.56405,-40.6126],[172.56351,-40.61336]]],[[[172.53715,-40.62196],[172.53702,-40.62006],[172.53792,-40.62019],[172.53715,-40.62196]]],[[[172.53973,-40.62408],[172.53874,-40.6203],[172.53994,-40.62047],[172.53973,-40.62408]]],[[[172.57367,-40.61464],[172.57266,-40.61138],[172.57387,-40.61142],[172.57367,-40.61464]]],[[[172.52322,-40.62992],[172.52196,-40.63021],[172.51939,-40.62522],[172.52095,-40.62526],[172.52203,-40.62918],[172.52322,-40.62992]]],[[[172.53381,-40.62446],[172.53376,-40.62537],[172.5331,-40.62468],[172.53239,-40.62539],[172.53225,-40.62182],[172.53364,-40.61836],[172.53485,-40.61802],[172.53538,-40.61947],[172.53472,-40.62163],[172.53356,-40.62251],[172.53381,-40.62446]]],[[[172.5293,-40.62591],[172.52912,-40.62677],[172.52889,-40.62595],[172.52804,-40.62628],[172.52685,-40.63019],[172.52547,-40.63166],[172.52694,-40.62396],[172.52931,-40.62343],[172.53005,-40.62432],[172.5293,-40.62591]]],[[[172.55985,-40.6119],[172.56234,-40.6126],[172.56075,-40.61621],[172.56172,-40.61828],[172.5609,-40.61945],[172.55979,-40.61971],[172.55948,-40.61685],[172.55813,-40.61606],[172.55405,-40.61903],[172.55151,-40.61913],[172.55427,-40.6175],[172.55495,-40.61503],[172.55869,-40.61383],[172.55886,-40.61227],[172.55985,-40.6119]]],[[[172.51761,-40.63614],[172.51753,-40.63748],[172.51936,-40.63915],[172.52031,-40.63841],[172.52042,-40.63545],[172.52168,-40.63569],[172.52154,-40.63713],[172.52294,-40.6385],[172.52261,-40.64073],[172.52272,-40.63867],[172.52122,-40.6373],[172.52033,-40.63967],[172.51786,-40.63954],[172.5166,-40.64109],[172.51589,-40.63622],[172.51319,-40.63704],[172.51589,-40.63487],[172.51428,-40.6294],[172.51616,-40.62764],[172.51683,-40.6305],[172.51831,-40.63233],[172.51761,-40.63614]]],[[[172.58046,-40.60671],[172.58219,-40.60778],[172.58593,-40.60744],[172.58253,-40.60923],[172.58525,-40.61567],[172.58983,-40.62019],[172.59153,-40.61859],[172.59201,-40.61509],[172.59164,-40.61348],[172.58995,-40.61203],[172.59389,-40.61106],[172.59547,-40.61237],[172.59545,-40.61439],[172.59389,-40.61511],[172.5952,-40.61573],[172.59701,-40.61896],[172.59761,-40.62177],[172.59541,-40.61666],[172.59348,-40.6151],[172.59521,-40.6142],[172.59532,-40.61291],[172.59404,-40.61136],[172.59312,-40.61169],[172.59213,-40.61273],[172.59251,-40.6151],[172.59145,-40.62072],[172.5921,-40.62579],[172.5913,-40.62746],[172.59202,-40.62515],[172.59101,-40.62085],[172.58528,-40.61675],[172.58088,-40.61046],[172.57956,-40.61249],[172.57974,-40.61345],[172.57901,-40.61203],[172.57751,-40.61203],[172.57613,-40.61038],[172.57852,-40.60912],[172.57881,-40.607],[172.58046,-40.60671]]],[[[172.52883,-40.60525],[172.53251,-40.60586],[172.53418,-40.60511],[172.53633,-40.60664],[172.53896,-40.6056],[172.54205,-40.60655],[172.54383,-40.60526],[172.54707,-40.60997],[172.54358,-40.61066],[172.54288,-40.61187],[172.54126,-40.61212],[172.54122,-40.61367],[172.53934,-40.61442],[172.53762,-40.61645],[172.53961,-40.61807],[172.54592,-40.61506],[172.54573,-40.61631],[172.54034,-40.61988],[172.53691,-40.61958],[172.53516,-40.61724],[172.53352,-40.61805],[172.53258,-40.61702],[172.5306,-40.61713],[172.52906,-40.6199],[172.53109,-40.61905],[172.53141,-40.61958],[172.52943,-40.62263],[172.52753,-40.62294],[172.52629,-40.62044],[172.52293,-40.62136],[172.52292,-40.62352],[172.52087,-40.62499],[172.51854,-40.62508],[172.51807,-40.62635],[172.51629,-40.62558],[172.51548,-40.62833],[172.51406,-40.62871],[172.51345,-40.62759],[172.51277,-40.62876],[172.51174,-40.62848],[172.51224,-40.62956],[172.51015,-40.63132],[172.50879,-40.62631],[172.51269,-40.62398],[172.51365,-40.62225],[172.51177,-40.62269],[172.51056,-40.62424],[172.50991,-40.62329],[172.50525,-40.62403],[172.50545,-40.62214],[172.50772,-40.62085],[172.5081,-40.61938],[172.5134,-40.61872],[172.51303,-40.6181],[172.51142,-40.61819],[172.5108,-40.61599],[172.51497,-40.61599],[172.51888,-40.6146],[172.5193,-40.61254],[172.52049,-40.613],[172.5227,-40.61237],[172.52208,-40.60924],[172.52466,-40.61002],[172.52521,-40.60966],[172.52456,-40.60808],[172.52617,-40.6088],[172.52934,-40.60808],[172.52854,-40.6064],[172.52692,-40.60566],[172.52715,-40.60451],[172.52883,-40.60525]]],[[[172.51618,-40.61879],[172.51578,-40.61925],[172.51696,-40.61913],[172.51618,-40.61879]]],[[[172.53443,-40.61472],[172.53457,-40.61533],[172.53517,-40.61478],[172.53468,-40.614],[172.53443,-40.61472]]],[[[172.5207,-40.61523],[172.5199,-40.61622],[172.52099,-40.61652],[172.5207,-40.61523]]]]}},{"type":"Feature","properties":{"id":2801289,"nombre":"Tapuae Marine Reserve","ley":"MARINE_RESERVES_ACT","area_ha":1404.3},"geometry":{"type":"Polygon","coordinates":[[[173.97835,-39.09855],[173.96048,-39.08389],[174.00134,-39.04555],[174.01831,-39.06956],[174.01056,-39.0798],[174.00628,-39.08284],[174.00598,-39.08406],[174.00263,-39.08589],[173.99102,-39.0894],[173.98573,-39.09479],[173.97835,-39.09855]],[[174.00044,-39.05704],[174.00051,-39.05685],[174.0004,-39.05697],[174.00044,-39.05704]],[[174.00286,-39.05745],[174.00296,-39.05727],[174.00274,-39.05732],[174.00286,-39.05745]],[[174.00238,-39.05713],[174.0026,-39.05697],[174.00236,-39.05689],[174.00238,-39.05713]],[[174.00328,-39.05703],[174.00348,-39.05683],[174.00301,-39.05684],[174.00328,-39.05703]],[[174.0029,-39.05675],[174.00424,-39.05604],[174.00281,-39.05594],[174.0029,-39.05675]]]}},{"type":"Feature","properties":{"id":2802867,"nombre":"Te Tapuwae o Rongokako Marine Reserve","ley":"MARINE_RESERVES_ACT","area_ha":2452},"geometry":{"type":"Polygon","coordinates":[[[178.2691,-38.6003],[178.19766,-38.63891],[178.18379,-38.6097],[178.18584,-38.60812],[178.19542,-38.60695],[178.19884,-38.60551],[178.20079,-38.60135],[178.19976,-38.5966],[178.19984,-38.59215],[178.20166,-38.58914],[178.21334,-38.57927],[178.22047,-38.57654],[178.2691,-38.6003]]]}},{"type":"Feature","properties":{"id":2801498,"nombre":"Kermadec Islands Marine Reserve","ley":"MARINE_RESERVES_ACT","area_ha":748000},"geometry":{"type":"MultiPolygon","coordinates":[[[[-178.80781,-31.55447],[-178.83821,-31.55472],[-178.85336,-31.55357],[-178.88332,-31.54871],[-178.89912,-31.54473],[-178.9145,-31.53986],[-178.94082,-31.52892],[-178.9538,-31.52213],[-178.97807,-31.50645],[-178.98925,-31.49762],[-179.00946,-31.47818],[-179.01841,-31.46764],[-179.0338,-31.44519],[-179.04563,-31.4212],[-179.05015,-31.40874],[-179.05371,-31.39607],[-179.05788,-31.37028],[-179.05849,-31.35726],[-179.05672,-31.33126],[-179.05435,-31.31839],[-179.0467,-31.29318],[-179.04146,-31.28096],[-179.0326,-31.26441],[-179.01908,-31.24416],[-179.01033,-31.23352],[-178.99052,-31.21382],[-178.97947,-31.20479],[-178.96783,-31.19645],[-178.94277,-31.18182],[-178.92946,-31.17559],[-178.90158,-31.16543],[-178.87709,-31.15936],[-178.85676,-31.15611],[-178.84171,-31.15472],[-178.81143,-31.1545],[-178.78139,-31.15766],[-178.76652,-31.16052],[-178.75199,-31.16418],[-178.72391,-31.17392],[-178.69754,-31.18671],[-178.67334,-31.20234],[-178.65162,-31.22062],[-178.6418,-31.23069],[-178.62471,-31.25217],[-178.61738,-31.26365],[-178.60548,-31.28758],[-178.60092,-31.3],[-178.59704,-31.31357],[-178.59275,-31.33933],[-178.59207,-31.35252],[-178.59371,-31.37851],[-178.59929,-31.40409],[-178.60353,-31.41659],[-178.60892,-31.42929],[-178.62204,-31.45276],[-178.63862,-31.47456],[-178.64852,-31.48516],[-178.66146,-31.49707],[-178.68206,-31.51267],[-178.70714,-31.52736],[-178.72048,-31.53362],[-178.74843,-31.54383],[-178.76294,-31.54773],[-178.79269,-31.55307],[-178.80781,-31.55447]]],[[[-178.82519,-31.356],[-178.8253,-31.35587],[-178.82532,-31.35596],[-178.82519,-31.356]]],[[[-178.82628,-31.3557],[-178.82624,-31.35554],[-178.82652,-31.35565],[-178.82628,-31.3557]]],[[[-178.82583,-31.35585],[-178.82573,-31.3558],[-178.82585,-31.35563],[-178.82583,-31.35585]]],[[[-178.8252,-31.35582],[-178.82393,-31.35456],[-178.82441,-31.35323],[-178.82595,-31.35469],[-178.8252,-31.35582]]],[[[-177.90538,-29.49873],[-177.9349,-29.49925],[-177.97699,-29.49637],[-177.99796,-29.49399],[-178.01859,-29.48993],[-178.04265,-29.48288],[-178.06191,-29.47525],[-178.08029,-29.4661],[-178.09762,-29.4555],[-178.11081,-29.44605],[-178.12899,-29.43033],[-178.13994,-29.41891],[-178.15448,-29.40051],[-178.16283,-29.38751],[-178.17005,-29.374],[-178.17742,-29.35651],[-178.18197,-29.34213],[-178.19319,-29.32188],[-178.20174,-29.30065],[-178.20675,-29.28241],[-178.20979,-29.26383],[-178.21084,-29.24509],[-178.20951,-29.22259],[-178.20719,-29.20766],[-178.20251,-29.18927],[-178.19588,-29.17135],[-178.18545,-29.15069],[-178.17705,-29.13754],[-178.16241,-29.11895],[-178.14846,-29.10464],[-178.12979,-29.08908],[-178.10961,-29.0756],[-178.09312,-29.06639],[-178.07161,-29.0565],[-178.05177,-29.04905],[-178.02284,-29.04145],[-177.99731,-29.03766],[-177.96715,-29.03647],[-177.93828,-29.03846],[-177.92259,-29.035],[-177.90666,-29.03252],[-177.87386,-29.03037],[-177.84798,-29.03119],[-177.82661,-29.03383],[-177.80562,-29.03823],[-177.78519,-29.04435],[-177.76168,-29.05389],[-177.73954,-29.06571],[-177.71589,-29.08211],[-177.69797,-29.09792],[-177.67567,-29.12086],[-177.65863,-29.14286],[-177.64505,-29.16664],[-177.63392,-29.19448],[-177.62756,-29.21862],[-177.62445,-29.24119],[-177.62453,-29.26772],[-177.62778,-29.29028],[-177.63523,-29.316],[-177.64616,-29.34037],[-177.65757,-29.35965],[-177.67381,-29.38061],[-177.69308,-29.39979],[-177.70877,-29.41238],[-177.73283,-29.42774],[-177.7458,-29.43774],[-177.75959,-29.44685],[-177.79858,-29.46892],[-177.81689,-29.47737],[-177.82827,-29.48174],[-177.85579,-29.49014],[-177.88031,-29.49564],[-177.90538,-29.49873]]],[[[-177.89485,-29.25058],[-177.89486,-29.2505],[-177.89491,-29.25057],[-177.89485,-29.25058]]],[[[-177.87836,-29.24353],[-177.87836,-29.24342],[-177.87845,-29.24342],[-177.87836,-29.24353]]],[[[-177.87608,-29.24173],[-177.876,-29.24172],[-177.87603,-29.24158],[-177.87608,-29.24173]]],[[[-177.85402,-29.25282],[-177.85397,-29.25273],[-177.85415,-29.25275],[-177.85402,-29.25282]]],[[[-177.87463,-29.24265],[-177.87466,-29.2425],[-177.8748,-29.2426],[-177.87463,-29.24265]]],[[[-177.87491,-29.24407],[-177.87486,-29.24398],[-177.87499,-29.24396],[-177.87491,-29.24407]]],[[[-177.87619,-29.242],[-177.87616,-29.24185],[-177.87627,-29.24192],[-177.87619,-29.242]]],[[[-177.87297,-29.24116],[-177.87289,-29.2411],[-177.87295,-29.24098],[-177.87297,-29.24116]]],[[[-177.87879,-29.24569],[-177.87894,-29.24557],[-177.87904,-29.24567],[-177.87879,-29.24569]]],[[[-177.87499,-29.24319],[-177.87495,-29.24307],[-177.87515,-29.24314],[-177.87499,-29.24319]]],[[[-177.88602,-29.27291],[-177.88594,-29.27275],[-177.88608,-29.27276],[-177.88602,-29.27291]]],[[[-177.88003,-29.24565],[-177.87994,-29.24556],[-177.8801,-29.24549],[-177.88003,-29.24565]]],[[[-177.881,-29.24635],[-177.88093,-29.24627],[-177.88109,-29.24614],[-177.881,-29.24635]]],[[[-177.87602,-29.24657],[-177.87607,-29.24644],[-177.87618,-29.24651],[-177.87602,-29.24657]]],[[[-177.88145,-29.24835],[-177.88134,-29.24816],[-177.88147,-29.24821],[-177.88145,-29.24835]]],[[[-177.92044,-29.28531],[-177.9203,-29.28523],[-177.92043,-29.28515],[-177.92044,-29.28531]]],[[[-177.85873,-29.2515],[-177.8587,-29.25134],[-177.85886,-29.25142],[-177.85873,-29.2515]]],[[[-177.87998,-29.24866],[-177.87978,-29.24861],[-177.87983,-29.24851],[-177.87998,-29.24866]]],[[[-177.87691,-29.2461],[-177.87703,-29.24597],[-177.87713,-29.24602],[-177.87691,-29.2461]]],[[[-177.85454,-29.25773],[-177.85436,-29.25759],[-177.85458,-29.25763],[-177.85454,-29.25773]]],[[[-177.8797,-29.24529],[-177.87951,-29.24516],[-177.87973,-29.24515],[-177.8797,-29.24529]]],[[[-177.87743,-29.24313],[-177.87721,-29.24292],[-177.87739,-29.24296],[-177.87743,-29.24313]]],[[[-177.90189,-29.28084],[-177.90187,-29.28067],[-177.90204,-29.28075],[-177.90189,-29.28084]]],[[[-177.91479,-29.29639],[-177.91477,-29.29616],[-177.91491,-29.29619],[-177.91479,-29.29639]]],[[[-177.87544,-29.24588],[-177.87527,-29.24576],[-177.87534,-29.24556],[-177.87544,-29.24588]]],[[[-177.87856,-29.24571],[-177.87839,-29.24566],[-177.87854,-29.24552],[-177.87856,-29.24571]]],[[[-177.88149,-29.2477],[-177.88122,-29.24764],[-177.88144,-29.24757],[-177.88149,-29.2477]]],[[[-177.90523,-29.28146],[-177.90513,-29.28125],[-177.90529,-29.2813],[-177.90523,-29.28146]]],[[[-177.90445,-29.28305],[-177.90435,-29.28283],[-177.90451,-29.28289],[-177.90445,-29.28305]]],[[[-177.90456,-29.28281],[-177.90446,-29.2826],[-177.90462,-29.28265],[-177.90456,-29.28281]]],[[[-177.90406,-29.28284],[-177.90396,-29.28262],[-177.90412,-29.28267],[-177.90406,-29.28284]]],[[[-177.8544,-29.25303],[-177.85426,-29.25287],[-177.8545,-29.25289],[-177.8544,-29.25303]]],[[[-177.85436,-29.25513],[-177.85428,-29.25502],[-177.8545,-29.25496],[-177.85436,-29.25513]]],[[[-177.8795,-29.2455],[-177.87934,-29.24546],[-177.87944,-29.24529],[-177.8795,-29.2455]]],[[[-177.8732,-29.24392],[-177.87305,-29.24386],[-177.8731,-29.24366],[-177.8732,-29.24392]]],[[[-177.87851,-29.2439],[-177.87842,-29.2438],[-177.87863,-29.24373],[-177.87851,-29.2439]]],[[[-177.87444,-29.24259],[-177.87421,-29.24233],[-177.87435,-29.24236],[-177.87444,-29.24259]]],[[[-177.87328,-29.24137],[-177.8732,-29.24112],[-177.87334,-29.24121],[-177.87328,-29.24137]]],[[[-177.87504,-29.24553],[-177.87486,-29.24551],[-177.87495,-29.24531],[-177.87504,-29.24553]]],[[[-177.95273,-29.29784],[-177.95262,-29.29771],[-177.95292,-29.29776],[-177.95273,-29.29784]]],[[[-177.91978,-29.28988],[-177.91963,-29.28969],[-177.91988,-29.28974],[-177.91978,-29.28988]]],[[[-177.90471,-29.28233],[-177.90462,-29.28214],[-177.90484,-29.28223],[-177.90471,-29.28233]]],[[[-177.89518,-29.25057],[-177.89515,-29.25038],[-177.89535,-29.25019],[-177.89518,-29.25057]]],[[[-177.87764,-29.24286],[-177.87735,-29.24275],[-177.87764,-29.24265],[-177.87764,-29.24286]]],[[[-177.98247,-29.24491],[-177.98224,-29.24485],[-177.98232,-29.24469],[-177.98247,-29.24491]]],[[[-177.88173,-29.25026],[-177.88178,-29.25004],[-177.88198,-29.25005],[-177.88173,-29.25026]]],[[[-177.91912,-29.29009],[-177.91912,-29.2898],[-177.9193,-29.28976],[-177.91912,-29.29009]]],[[[-177.87821,-29.24406],[-177.87807,-29.24383],[-177.87839,-29.24399],[-177.87821,-29.24406]]],[[[-177.90218,-29.28034],[-177.9021,-29.28017],[-177.90237,-29.28014],[-177.90218,-29.28034]]],[[[-177.8772,-29.24247],[-177.87747,-29.2421],[-177.87747,-29.24232],[-177.8772,-29.24247]]],[[[-177.87892,-29.2443],[-177.87878,-29.24417],[-177.87902,-29.24396],[-177.87892,-29.2443]]],[[[-177.89669,-29.25136],[-177.89653,-29.25116],[-177.89665,-29.251],[-177.89669,-29.25136]]],[[[-177.87009,-29.23162],[-177.86984,-29.23138],[-177.87009,-29.23139],[-177.87009,-29.23162]]],[[[-177.88159,-29.25004],[-177.88156,-29.24975],[-177.88179,-29.24969],[-177.88159,-29.25004]]],[[[-177.85595,-29.24986],[-177.85587,-29.24952],[-177.85608,-29.24973],[-177.85595,-29.24986]]],[[[-177.91441,-29.29643],[-177.91413,-29.29624],[-177.91456,-29.29627],[-177.91441,-29.29643]]],[[[-177.87542,-29.24068],[-177.87586,-29.24048],[-177.87584,-29.24067],[-177.87542,-29.24068]]],[[[-177.87725,-29.24211],[-177.8774,-29.24168],[-177.87752,-29.24197],[-177.87725,-29.24211]]],[[[-177.8866,-29.27315],[-177.88618,-29.27285],[-177.88667,-29.27301],[-177.8866,-29.27315]]],[[[-177.85939,-29.25099],[-177.85923,-29.25071],[-177.85937,-29.25029],[-177.85939,-29.25099]]],[[[-177.85573,-29.25863],[-177.85538,-29.25844],[-177.8554,-29.25815],[-177.85573,-29.25863]]],[[[-177.90274,-29.28201],[-177.90272,-29.28152],[-177.90307,-29.28174],[-177.90274,-29.28201]]],[[[-177.87592,-29.24122],[-177.87534,-29.24101],[-177.87586,-29.24077],[-177.87592,-29.24122]]],[[[-177.90405,-29.28156],[-177.90382,-29.28116],[-177.90422,-29.28095],[-177.90405,-29.28156]]],[[[-177.87772,-29.24396],[-177.87725,-29.2435],[-177.87746,-29.24326],[-177.87772,-29.24396]]],[[[-177.85581,-29.25062],[-177.85549,-29.24977],[-177.85592,-29.25008],[-177.85581,-29.25062]]],[[[-177.90429,-29.282],[-177.90297,-29.28138],[-177.90351,-29.28124],[-177.90429,-29.282]]],[[[-177.89483,-29.25039],[-177.8949,-29.24956],[-177.89526,-29.24989],[-177.89483,-29.25039]]],[[[-177.87619,-29.24145],[-177.87678,-29.24035],[-177.87688,-29.24115],[-177.87619,-29.24145]]],[[[-177.85856,-29.25144],[-177.85843,-29.25039],[-177.85913,-29.25094],[-177.85856,-29.25144]]],[[[-177.87998,-29.24639],[-177.87896,-29.24583],[-177.87982,-29.24574],[-177.87998,-29.24639]]],[[[-177.86929,-29.23226],[-177.86865,-29.23174],[-177.86916,-29.23135],[-177.86998,-29.23198],[-177.86929,-29.23226]]],[[[-177.87391,-29.24376],[-177.87296,-29.24233],[-177.87406,-29.24284],[-177.87391,-29.24376]]],[[[-177.88084,-29.24907],[-177.88016,-29.24847],[-177.88111,-29.24805],[-177.8814,-29.249],[-177.88084,-29.24907]]],[[[-177.85382,-29.25503],[-177.85273,-29.25368],[-177.85401,-29.25304],[-177.85442,-29.25466],[-177.85382,-29.25503]]],[[[-177.85638,-29.24614],[-177.85586,-29.24548],[-177.85659,-29.24469],[-177.85868,-29.24451],[-177.85823,-29.24544],[-177.85638,-29.24614]]],[[[-177.85419,-29.25253],[-177.85332,-29.25152],[-177.85486,-29.24992],[-177.85555,-29.25071],[-177.85419,-29.25253]]],[[[-177.87551,-29.2339],[-177.87437,-29.23307],[-177.87394,-29.23142],[-177.87554,-29.23189],[-177.87602,-29.23337],[-177.87551,-29.2339]]],[[[-177.8798,-29.24825],[-177.87699,-29.24672],[-177.87806,-29.24569],[-177.87936,-29.24625],[-177.88102,-29.24757],[-177.8798,-29.24825]]],[[[-177.87645,-29.24633],[-177.87493,-29.2446],[-177.87568,-29.24344],[-177.875,-29.24244],[-177.87631,-29.24257],[-177.87693,-29.24123],[-177.87724,-29.24374],[-177.87897,-29.2449],[-177.87645,-29.24633]]],[[[-177.92462,-29.29957],[-177.92391,-29.29599],[-177.92258,-29.29452],[-177.92289,-29.29294],[-177.92064,-29.29086],[-177.92047,-29.28944],[-177.92174,-29.28731],[-177.92128,-29.28586],[-177.91725,-29.28288],[-177.91598,-29.28005],[-177.91424,-29.27886],[-177.91137,-29.27791],[-177.90455,-29.27778],[-177.90053,-29.27615],[-177.89848,-29.27665],[-177.89801,-29.27762],[-177.8966,-29.27665],[-177.89452,-29.27679],[-177.89377,-29.27746],[-177.89434,-29.2784],[-177.8937,-29.27974],[-177.89547,-29.28132],[-177.89255,-29.28169],[-177.89162,-29.28351],[-177.89012,-29.28275],[-177.8901,-29.28025],[-177.88631,-29.27945],[-177.88594,-29.27817],[-177.8849,-29.27788],[-177.88759,-29.27552],[-177.88725,-29.27184],[-177.88598,-29.27113],[-177.88706,-29.27078],[-177.88797,-29.26917],[-177.88761,-29.26682],[-177.89144,-29.26191],[-177.89453,-29.26012],[-177.89665,-29.25733],[-177.8982,-29.25234],[-177.89927,-29.25152],[-177.90204,-29.25225],[-177.90331,-29.25082],[-177.9048,-29.25148],[-177.91306,-29.24907],[-177.91812,-29.24916],[-177.92399,-29.24641],[-177.92947,-29.2427],[-177.93343,-29.24351],[-177.94203,-29.24252],[-177.95324,-29.2397],[-177.95783,-29.23983],[-177.95999,-29.23907],[-177.96364,-29.24014],[-177.97006,-29.23963],[-177.98206,-29.24237],[-177.98079,-29.24544],[-177.97893,-29.2453],[-177.97362,-29.24691],[-177.97204,-29.2494],[-177.97084,-29.24876],[-177.96815,-29.24954],[-177.96836,-29.25038],[-177.96723,-29.2517],[-177.96375,-29.25337],[-177.95988,-29.25082],[-177.95732,-29.25192],[-177.9475,-29.26102],[-177.94231,-29.26964],[-177.94229,-29.27068],[-177.94454,-29.27372],[-177.94811,-29.27609],[-177.94977,-29.27816],[-177.95134,-29.28493],[-177.95326,-29.28803],[-177.9593,-29.29315],[-177.95888,-29.29635],[-177.95735,-29.29703],[-177.94914,-29.29525],[-177.94352,-29.29521],[-177.93906,-29.2961],[-177.92909,-29.29633],[-177.92462,-29.29957]]],[[[-178.5377,-30.74484],[-178.56849,-30.74506],[-178.59471,-30.74244],[-178.62041,-30.73726],[-178.64854,-30.72863],[-178.67136,-30.71889],[-178.70063,-30.70342],[-178.72094,-30.68964],[-178.73355,-30.67939],[-178.74557,-30.66829],[-178.76168,-30.65025],[-178.77532,-30.63074],[-178.7863,-30.61002],[-178.79557,-30.58467],[-178.80037,-30.56226],[-178.80219,-30.53952],[-178.80105,-30.51685],[-178.79623,-30.49129],[-178.78632,-30.46284],[-178.77391,-30.43906],[-178.76051,-30.41994],[-178.74189,-30.39942],[-178.72992,-30.3887],[-178.71707,-30.37877],[-178.69267,-30.36349],[-178.6662,-30.35108],[-178.65071,-30.34547],[-178.63519,-30.34094],[-178.64464,-30.32625],[-178.65314,-30.31018],[-178.65929,-30.29597],[-178.66417,-30.2814],[-178.66777,-30.26655],[-178.67007,-30.25151],[-178.67105,-30.23636],[-178.6709,-30.22127],[-178.66945,-30.20624],[-178.6667,-30.19134],[-178.66267,-30.17666],[-178.65428,-30.15524],[-178.64554,-30.13836],[-178.63735,-30.12546],[-178.62809,-30.11311],[-178.61782,-30.10139],[-178.60659,-30.09036],[-178.59446,-30.08007],[-178.57813,-30.06823],[-178.56417,-30.05941],[-178.5495,-30.05153],[-178.5342,-30.04461],[-178.51834,-30.03871],[-178.50203,-30.03386],[-178.46887,-30.0271],[-178.4522,-30.02518],[-178.43541,-30.02431],[-178.40145,-30.02557],[-178.38431,-30.02767],[-178.36323,-30.03185],[-178.33865,-30.0391],[-178.319,-30.04695],[-178.29717,-30.05791],[-178.27308,-30.07215],[-178.25638,-30.08408],[-178.24104,-30.09731],[-178.22719,-30.11173],[-178.21726,-30.12403],[-178.20442,-30.14362],[-178.1957,-30.16082],[-178.18774,-30.18227],[-178.184,-30.19695],[-178.18077,-30.21932],[-178.18031,-30.2381],[-178.18188,-30.25684],[-178.18546,-30.27537],[-178.19237,-30.2971],[-178.19853,-30.31115],[-178.20577,-30.32469],[-178.22097,-30.34702],[-178.23111,-30.35895],[-178.24224,-30.3702],[-178.26392,-30.38805],[-178.27744,-30.39712],[-178.29171,-30.40529],[-178.32782,-30.42167],[-178.35804,-30.43241],[-178.34853,-30.4469],[-178.34122,-30.46041],[-178.33508,-30.47436],[-178.33006,-30.48868],[-178.32381,-30.51452],[-178.32202,-30.52953],[-178.32154,-30.54462],[-178.32237,-30.5597],[-178.32451,-30.57468],[-178.33136,-30.60041],[-178.33702,-30.61469],[-178.34363,-30.62845],[-178.35142,-30.64174],[-178.36032,-30.6545],[-178.37845,-30.67532],[-178.39638,-30.69142],[-178.41628,-30.7057],[-178.4379,-30.71796],[-178.46124,-30.72826],[-178.48594,-30.73629],[-178.51154,-30.74184],[-178.5377,-30.74484]]],[[[-178.56996,-30.53722],[-178.56975,-30.53678],[-178.57014,-30.53675],[-178.56996,-30.53722]]],[[[-178.41257,-30.23375],[-178.41219,-30.23305],[-178.41277,-30.23342],[-178.41257,-30.23375]]],[[[-178.41652,-30.23601],[-178.41548,-30.23544],[-178.41468,-30.23334],[-178.41708,-30.23417],[-178.41716,-30.23594],[-178.41652,-30.23601]]],[[[-178.56725,-30.53914],[-178.56609,-30.53816],[-178.5665,-30.53553],[-178.56936,-30.53414],[-178.56953,-30.53749],[-178.5676,-30.53807],[-178.56725,-30.53914]]],[[[-178.55449,-30.54481],[-178.55469,-30.54322],[-178.55412,-30.54347],[-178.55473,-30.54292],[-178.55365,-30.54269],[-178.55489,-30.54148],[-178.5544,-30.54069],[-178.55545,-30.54004],[-178.5554,-30.53837],[-178.55745,-30.53754],[-178.56001,-30.53932],[-178.56011,-30.54224],[-178.55894,-30.54253],[-178.55752,-30.54474],[-178.55449,-30.54481]]],[[[-178.43125,-30.24193],[-178.42862,-30.24001],[-178.42558,-30.23978],[-178.42578,-30.23841],[-178.42075,-30.23494],[-178.42069,-30.23295],[-178.41993,-30.2327],[-178.41925,-30.23352],[-178.41834,-30.23292],[-178.41829,-30.23166],[-178.42026,-30.22998],[-178.42079,-30.22848],[-178.42459,-30.22564],[-178.43084,-30.22565],[-178.43538,-30.22665],[-178.43804,-30.22822],[-178.44011,-30.23068],[-178.43955,-30.23355],[-178.4372,-30.23708],[-178.43562,-30.23753],[-178.4347,-30.23987],[-178.43125,-30.24193]]]]}},{"type":"Feature","properties":{"id":2801626,"nombre":"Te Tapuwae o Hua (Long Sound) Marine Reserve","ley":"MARINE_RESERVES_ACT","area_ha":3672},"geometry":{"type":"Polygon","coordinates":[[[166.91748,-45.92197],[166.91672,-45.92419],[166.91879,-45.92954],[166.91671,-45.93058],[166.91801,-45.93122],[166.91823,-45.93286],[166.91639,-45.93178],[166.91652,-45.93391],[166.91413,-45.93614],[166.91166,-45.93609],[166.906,-45.94013],[166.89936,-45.94209],[166.89731,-45.94374],[166.89366,-45.94396],[166.89352,-45.94472],[166.89119,-45.94591],[166.89125,-45.94766],[166.88856,-45.95089],[166.87807,-45.95736],[166.87749,-45.95827],[166.87847,-45.95876],[166.87862,-45.96197],[166.87423,-45.96399],[166.8732,-45.96693],[166.87347,-45.96898],[166.86895,-45.97013],[166.86769,-45.97286],[166.85648,-45.97904],[166.85717,-45.9798],[166.85486,-45.98119],[166.85124,-45.98266],[166.84741,-45.98283],[166.84582,-45.98495],[166.84257,-45.98677],[166.83302,-45.98916],[166.83223,-45.99059],[166.82583,-45.99251],[166.81829,-45.99344],[166.81542,-45.99292],[166.81482,-45.99394],[166.80688,-45.9951],[166.79989,-45.994],[166.79884,-45.9951],[166.79893,-45.99663],[166.7953,-45.99664],[166.79086,-45.99838],[166.78228,-45.99797],[166.77775,-46.00069],[166.7737,-46.0013],[166.77402,-46.00247],[166.77259,-46.00463],[166.76854,-46.00647],[166.7688,-46.00736],[166.76736,-46.00939],[166.7671,-46.0105],[166.76816,-46.01141],[166.76866,-46.01367],[166.76836,-46.01916],[166.77002,-46.02053],[166.77052,-46.02252],[166.77502,-46.02523],[166.7752,-46.02594],[166.77179,-46.02396],[166.77314,-46.02518],[166.77483,-46.02887],[166.77762,-46.03086],[166.77739,-46.03263],[166.78174,-46.04237],[166.78147,-46.04601],[166.77892,-46.04805],[166.7745,-46.04759],[166.77447,-46.04847],[166.77341,-46.04765],[166.77132,-46.04883],[166.77145,-46.05151],[166.76955,-46.05315],[166.76923,-46.05474],[166.77025,-46.05745],[166.77163,-46.0582],[166.76991,-46.05795],[166.76882,-46.05915],[166.76341,-46.06076],[166.76137,-46.06058],[166.7532,-46.06255],[166.75154,-46.06232],[166.75151,-46.06173],[166.7506,-46.06261],[166.74648,-46.063],[166.7449,-46.06397],[166.737,-46.06401],[166.7327,-46.06866],[166.73577,-46.07456],[166.73583,-46.07798],[166.73817,-46.07998],[166.74052,-46.08581],[166.73865,-46.08801],[166.7334,-46.09068],[166.73062,-46.09028],[166.73105,-46.08813],[166.72993,-46.08505],[166.73056,-46.08376],[166.72948,-46.08133],[166.72953,-46.08044],[166.73091,-46.07966],[166.72592,-46.07406],[166.7252,-46.07148],[166.72137,-46.06882],[166.72227,-46.06594],[166.72176,-46.06528],[166.72397,-46.0592],[166.72597,-46.05648],[166.73375,-46.05178],[166.73525,-46.04921],[166.73572,-46.04673],[166.73459,-46.04446],[166.73563,-46.04071],[166.73751,-46.04038],[166.73902,-46.0384],[166.74076,-46.03807],[166.74802,-46.03911],[166.74843,-46.0402],[166.74715,-46.04382],[166.74756,-46.0463],[166.74544,-46.0514],[166.74403,-46.05369],[166.74084,-46.05562],[166.73828,-46.0586],[166.73914,-46.05944],[166.74539,-46.06024],[166.75056,-46.05911],[166.75773,-46.05227],[166.76439,-46.05211],[166.76627,-46.04851],[166.76668,-46.04289],[166.7654,-46.04007],[166.76285,-46.03675],[166.76083,-46.03595],[166.7585,-46.03679],[166.757,-46.03421],[166.75427,-46.03313],[166.75321,-46.03128],[166.75368,-46.02817],[166.74955,-46.02479],[166.74755,-46.02137],[166.74447,-46.02039],[166.74187,-46.0205],[166.73987,-46.02203],[166.73781,-46.02223],[166.73772,-46.02042],[166.73519,-46.01967],[166.73822,-46.01964],[166.73862,-46.01898],[166.73755,-46.01591],[166.73849,-46.01366],[166.74123,-46.01241],[166.74243,-46.00718],[166.74474,-46.00633],[166.74817,-46.00329],[166.74839,-46.00211],[166.75226,-45.999],[166.75425,-45.99588],[166.76937,-45.99081],[166.77667,-45.99115],[166.77844,-45.98961],[166.78189,-45.98899],[166.78641,-45.98672],[166.78639,-45.9851],[166.7849,-45.98367],[166.7813,-45.98208],[166.78,-45.98052],[166.77875,-45.98037],[166.77926,-45.98107],[166.77474,-45.9793],[166.77419,-45.97884],[166.77555,-45.9783],[166.77473,-45.97787],[166.78375,-45.97993],[166.78768,-45.97917],[166.78885,-45.97853],[166.78908,-45.97735],[166.79661,-45.9787],[166.8061,-45.97534],[166.81123,-45.97535],[166.81353,-45.97443],[166.81664,-45.97466],[166.82412,-45.97312],[166.83571,-45.96905],[166.83905,-45.97006],[166.84143,-45.96871],[166.84544,-45.96915],[166.84862,-45.96844],[166.85034,-45.969],[166.85359,-45.96552],[166.85388,-45.96314],[166.85761,-45.95788],[166.86223,-45.95267],[166.8641,-45.95224],[166.86819,-45.94903],[166.87477,-45.94557],[166.87665,-45.9456],[166.87641,-45.94654],[166.87373,-45.9478],[166.87347,-45.94839],[166.87422,-45.94873],[166.87608,-45.94783],[166.87588,-45.94732],[166.87871,-45.9484],[166.8826,-45.94648],[166.88506,-45.94464],[166.88568,-45.94303],[166.8936,-45.93751],[166.89698,-45.93644],[166.89914,-45.93375],[166.90315,-45.93178],[166.90729,-45.93158],[166.90872,-45.93016],[166.911,-45.92988],[166.91131,-45.92847],[166.91044,-45.92755],[166.91147,-45.92646],[166.91462,-45.92586],[166.91748,-45.92197]],[[166.87264,-45.96235],[166.87499,-45.95793],[166.87256,-45.95811],[166.86967,-45.96062],[166.87068,-45.96334],[166.8724,-45.9632],[166.87264,-45.96235]]]}},{"type":"Feature","properties":{"id":2801629,"nombre":"Te Hapua (Sutherland Sound) Marine Reserve","ley":"MARINE_RESERVES_ACT","area_ha":449},"geometry":{"type":"Polygon","coordinates":[[[167.59399,-44.73926],[167.59355,-44.73857],[167.59463,-44.73819],[167.59898,-44.73837],[167.60332,-44.74186],[167.60853,-44.74249],[167.61021,-44.74341],[167.61138,-44.74486],[167.61019,-44.7478],[167.61115,-44.74884],[167.6155,-44.74955],[167.61738,-44.74835],[167.61715,-44.7497],[167.61887,-44.75041],[167.61985,-44.74973],[167.61935,-44.74872],[167.62016,-44.74814],[167.62151,-44.74935],[167.62215,-44.75098],[167.62161,-44.75466],[167.623,-44.7558],[167.62174,-44.75693],[167.62575,-44.76099],[167.62579,-44.7631],[167.62769,-44.76436],[167.62776,-44.76774],[167.63336,-44.77273],[167.6309,-44.77769],[167.63186,-44.78266],[167.62817,-44.78186],[167.62887,-44.78313],[167.62552,-44.78377],[167.62447,-44.78309],[167.6237,-44.78466],[167.62113,-44.78367],[167.62074,-44.78232],[167.62135,-44.78125],[167.62453,-44.78072],[167.62469,-44.77952],[167.62243,-44.77893],[167.62275,-44.7746],[167.61978,-44.7729],[167.61856,-44.77383],[167.61763,-44.77281],[167.61678,-44.77069],[167.61737,-44.76839],[167.61687,-44.7662],[167.61379,-44.76318],[167.61235,-44.76032],[167.61022,-44.75924],[167.61124,-44.75505],[167.60979,-44.75398],[167.60394,-44.75318],[167.60468,-44.75167],[167.60352,-44.74932],[167.60044,-44.74775],[167.60024,-44.74642],[167.59881,-44.7463],[167.60042,-44.74341],[167.59907,-44.74258],[167.59642,-44.74263],[167.59399,-44.73926]]]}},{"type":"Feature","properties":{"id":2801630,"nombre":"Hawea (Clio Rocks) Marine Reserve","ley":"MARINE_RESERVES_ACT","area_ha":411},"geometry":{"type":"Polygon","coordinates":[[[167.53821,-44.80083],[167.54049,-44.79796],[167.54355,-44.79949],[167.54702,-44.79979],[167.54801,-44.80228],[167.54586,-44.80744],[167.54503,-44.80828],[167.54329,-44.80792],[167.54193,-44.80933],[167.54142,-44.81243],[167.53955,-44.81376],[167.53763,-44.81674],[167.53502,-44.81853],[167.53345,-44.82108],[167.53013,-44.82245],[167.52969,-44.8249],[167.52718,-44.82807],[167.52565,-44.82869],[167.52481,-44.8301],[167.52393,-44.82927],[167.52324,-44.83046],[167.52255,-44.82972],[167.52262,-44.83219],[167.52203,-44.83153],[167.52044,-44.83264],[167.51971,-44.83547],[167.51879,-44.83601],[167.5083,-44.82771],[167.51083,-44.82581],[167.5143,-44.8207],[167.51698,-44.81892],[167.51907,-44.81893],[167.52233,-44.81528],[167.52762,-44.81306],[167.52775,-44.81204],[167.53276,-44.80795],[167.53229,-44.80566],[167.5329,-44.8047],[167.53789,-44.80265],[167.53821,-44.80083]]]}},{"type":"Feature","properties":{"id":2801646,"nombre":"Kutu Parera (Gaer Arm) Marine Reserve","ley":"MARINE_RESERVES_ACT","area_ha":433},"geometry":{"type":"Polygon","coordinates":[[[167.1962,-45.31634],[167.19108,-45.32001],[167.18417,-45.31886],[167.18113,-45.31963],[167.179,-45.31897],[167.17481,-45.32109],[167.16772,-45.31841],[167.16346,-45.31542],[167.16186,-45.31338],[167.15853,-45.31138],[167.15718,-45.31151],[167.15576,-45.3079],[167.15355,-45.30529],[167.15099,-45.30492],[167.1507,-45.30425],[167.14813,-45.30439],[167.14834,-45.30354],[167.14643,-45.30063],[167.14721,-45.29829],[167.14533,-45.29295],[167.14551,-45.29089],[167.1418,-45.28822],[167.14389,-45.2884],[167.14727,-45.28256],[167.1528,-45.28554],[167.15576,-45.28875],[167.15601,-45.2913],[167.15909,-45.29557],[167.15901,-45.29719],[167.15656,-45.30049],[167.15721,-45.30249],[167.16166,-45.30754],[167.16975,-45.31099],[167.16939,-45.31223],[167.17185,-45.31391],[167.17657,-45.3138],[167.18145,-45.31253],[167.18929,-45.31313],[167.1905,-45.30925],[167.19197,-45.30927],[167.19745,-45.31066],[167.19842,-45.31158],[167.20167,-45.31045],[167.19899,-45.31237],[167.19951,-45.31405],[167.1962,-45.31634]],[[167.19347,-45.31553],[167.19404,-45.31308],[167.1896,-45.31379],[167.1927,-45.31544],[167.19233,-45.31627],[167.19347,-45.31553]],[[167.19618,-45.31589],[167.1992,-45.31401],[167.19867,-45.31212],[167.19569,-45.31245],[167.19387,-45.31424],[167.19389,-45.31567],[167.19618,-45.31589]],[[167.19813,-45.31155],[167.19098,-45.30933],[167.18928,-45.31331],[167.19813,-45.31155]]]}},{"type":"Feature","properties":{"id":2801647,"nombre":"Taipari Roa (Elizabeth Island) Marine Reserve","ley":"MARINE_RESERVES_ACT","area_ha":613},"geometry":{"type":"Polygon","coordinates":[[[167.13157,-45.44445],[167.11516,-45.43878],[167.11551,-45.43093],[167.11269,-45.43009],[167.11184,-45.43149],[167.11149,-45.43093],[167.11118,-45.42868],[167.11223,-45.42501],[167.11106,-45.4237],[167.10959,-45.4194],[167.10681,-45.41821],[167.10677,-45.41351],[167.10443,-45.41118],[167.10359,-45.40856],[167.12196,-45.40614],[167.12527,-45.41056],[167.12546,-45.41198],[167.12731,-45.41237],[167.12794,-45.41346],[167.12645,-45.41379],[167.12504,-45.41665],[167.12712,-45.41805],[167.12843,-45.41784],[167.13033,-45.41603],[167.13278,-45.41669],[167.13247,-45.41737],[167.1336,-45.41894],[167.13118,-45.41955],[167.12878,-45.42244],[167.12785,-45.42513],[167.12914,-45.42777],[167.12942,-45.4319],[167.1326,-45.43288],[167.13327,-45.43446],[167.13695,-45.43728],[167.1397,-45.44105],[167.14266,-45.44228],[167.14828,-45.44638],[167.15042,-45.44674],[167.15072,-45.44902],[167.15213,-45.45061],[167.15668,-45.45311],[167.15878,-45.45731],[167.14521,-45.45011],[167.14266,-45.44969],[167.14213,-45.44769],[167.14113,-45.44728],[167.13998,-45.44505],[167.13602,-45.4444],[167.13501,-45.44292],[167.13157,-45.44445]],[[167.13236,-45.44039],[167.13174,-45.44084],[167.13229,-45.4416],[167.13236,-45.44039]],[[167.119,-45.41698],[167.12027,-45.41799],[167.12006,-45.4223],[167.12202,-45.42339],[167.12071,-45.42525],[167.12108,-45.42649],[167.12629,-45.43011],[167.12486,-45.42159],[167.12242,-45.41556],[167.11714,-45.40835],[167.11477,-45.40756],[167.11535,-45.40943],[167.11644,-45.40984],[167.11777,-45.41582],[167.119,-45.41698]]]}},{"type":"Feature","properties":{"id":2800921,"nombre":"Ulva Island - Te Wharawhara Marine Reserve","ley":"MARINE_RESERVES_ACT","area_ha":1075.1},"geometry":{"type":"MultiPolygon","coordinates":[[[[168.13851,-46.93096],[168.13356,-46.93031],[168.13211,-46.92753],[168.13209,-46.92524],[168.13477,-46.926],[168.134,-46.92638],[168.13536,-46.9262],[168.1404,-46.93078],[168.13851,-46.93096]]],[[[168.15465,-46.93321],[168.14837,-46.93266],[168.14652,-46.93148],[168.14714,-46.93083],[168.14725,-46.91561],[168.15137,-46.91879],[168.1548,-46.91986],[168.15693,-46.91892],[168.15704,-46.91735],[168.16107,-46.91721],[168.16256,-46.91569],[168.16204,-46.93342],[168.15465,-46.93321]]],[[[168.09493,-46.95892],[168.09453,-46.95788],[168.0882,-46.95603],[168.08848,-46.95492],[168.08789,-46.95458],[168.08537,-46.95649],[168.08362,-46.9556],[168.08232,-46.95601],[168.08046,-46.95464],[168.0795,-46.95472],[168.07988,-46.95556],[168.07866,-46.95619],[168.0763,-46.95644],[168.07145,-46.95508],[168.07131,-46.95129],[168.06944,-46.95047],[168.06869,-46.95146],[168.06599,-46.94995],[168.06484,-46.95026],[168.06273,-46.94875],[168.06199,-46.94628],[168.10852,-46.93351],[168.10559,-46.93341],[168.10925,-46.92663],[168.11306,-46.92888],[168.11411,-46.92852],[168.11841,-46.93014],[168.12115,-46.93021],[168.12204,-46.93138],[168.12074,-46.93225],[168.12063,-46.93368],[168.12155,-46.93413],[168.12149,-46.93602],[168.12287,-46.93706],[168.12702,-46.93847],[168.12896,-46.93749],[168.13204,-46.93851],[168.1325,-46.93738],[168.13283,-46.93831],[168.13426,-46.93871],[168.09493,-46.95892]]],[[[168.1199,-46.93243],[168.12024,-46.93224],[168.11986,-46.93235],[168.1199,-46.93243]]],[[[168.11929,-46.93105],[168.11915,-46.93065],[168.11907,-46.93089],[168.11929,-46.93105]]],[[[168.13243,-46.93916],[168.13285,-46.93897],[168.13247,-46.93902],[168.13243,-46.93916]]],[[[168.10808,-46.93175],[168.10822,-46.93158],[168.10803,-46.9314],[168.10808,-46.93175]]],[[[168.11907,-46.93273],[168.11946,-46.93238],[168.11895,-46.93253],[168.11907,-46.93273]]],[[[168.11183,-46.9295],[168.11188,-46.92886],[168.11161,-46.92934],[168.11183,-46.9295]]],[[[168.11131,-46.92891],[168.11176,-46.92869],[168.11158,-46.92834],[168.11131,-46.92891]]],[[[168.12031,-46.93493],[168.12072,-46.9343],[168.11995,-46.9346],[168.12031,-46.93493]]],[[[168.11161,-46.93037],[168.11217,-46.92974],[168.11145,-46.92978],[168.11161,-46.93037]]],[[[168.1101,-46.93076],[168.11004,-46.93016],[168.10934,-46.93026],[168.1101,-46.93076]]]]}},{"type":"Feature","properties":{"id":2797360,"nombre":"Tāwharanui Marine Reserve","ley":"MARINE_RESERVES_ACT","area_ha":394.2},"geometry":{"type":"Polygon","coordinates":[[[174.82099,-36.36232],[174.82094,-36.35928],[174.8619,-36.35424],[174.86186,-36.36231],[174.86115,-36.36228],[174.85997,-36.36418],[174.85781,-36.36494],[174.85793,-36.36627],[174.85727,-36.36663],[174.84526,-36.36613],[174.84383,-36.36689],[174.84285,-36.36884],[174.8399,-36.36966],[174.8295,-36.36667],[174.8258,-36.36406],[174.82099,-36.36232]]]}},{"type":"Feature","properties":{"id":2802841,"nombre":"Te Angiangi Marine Reserve","ley":"MARINE_RESERVES_ACT","area_ha":446},"geometry":{"type":"Polygon","coordinates":[[[176.82677,-40.16956],[176.82738,-40.1681],[176.83461,-40.16287],[176.83746,-40.16186],[176.84305,-40.15695],[176.84546,-40.15447],[176.84637,-40.15142],[176.85945,-40.14634],[176.86716,-40.14632],[176.86836,-40.1505],[176.86703,-40.15466],[176.85931,-40.16173],[176.85627,-40.16288],[176.8491,-40.1681],[176.84825,-40.16953],[176.82677,-40.16956]]]}},{"type":"Feature","properties":{"id":2795899,"nombre":"Whangārei Harbour Marine Reserve","ley":"MARINE_RESERVES_ACT","area_ha":236.5},"geometry":{"type":"MultiPolygon","coordinates":[[[[174.50688,-35.8329],[174.49968,-35.83207],[174.49515,-35.83002],[174.49974,-35.82814],[174.50244,-35.83113],[174.50299,-35.83012],[174.50478,-35.83017],[174.50552,-35.82917],[174.50688,-35.8329]]],[[[174.49684,-35.83043],[174.49819,-35.82995],[174.49703,-35.82995],[174.49684,-35.83043]]],[[[174.38358,-35.77427],[174.37235,-35.76802],[174.37108,-35.76603],[174.36944,-35.76566],[174.36911,-35.76456],[174.37017,-35.76208],[174.37407,-35.75861],[174.37784,-35.75701],[174.37996,-35.75875],[174.38096,-35.75879],[174.38071,-35.75814],[174.38257,-35.7598],[174.38654,-35.76118],[174.38723,-35.76239],[174.3912,-35.76449],[174.38358,-35.77427]]]]}},{"type":"Feature","properties":{"id":2793945,"nombre":"Te Paepae o Aotea (Volkner Rocks) Marine Reserve","ley":"MARINE_RESERVES_ACT","area_ha":1267.2},"geometry":{"type":"Polygon","coordinates":[[[177.10791,-37.48681],[177.10699,-37.48491],[177.10634,-37.4792],[177.10749,-37.47452],[177.11008,-37.46961],[177.11628,-37.46414],[177.12617,-37.46012],[177.13271,-37.45913],[177.13718,-37.45935],[177.14579,-37.46148],[177.15289,-37.46662],[177.15603,-37.4725],[177.15593,-37.48005],[177.15233,-37.48643],[177.14662,-37.49106],[177.134,-37.49677],[177.12792,-37.49741],[177.12667,-37.48667],[177.12333,-37.48333],[177.10791,-37.48681]],[[177.12673,-37.48019],[177.12671,-37.48023],[177.12674,-37.48027],[177.12673,-37.48019]],[[177.12827,-37.47778],[177.12837,-37.47815],[177.12844,-37.47787],[177.12827,-37.47778]],[[177.13301,-37.47614],[177.13339,-37.47616],[177.13358,-37.47593],[177.13301,-37.47614]],[[177.13511,-37.47626],[177.13557,-37.47614],[177.13528,-37.476],[177.13511,-37.47626]],[[177.12766,-37.4799],[177.12773,-37.48073],[177.12801,-37.48049],[177.12766,-37.4799]],[[177.13322,-37.47788],[177.13463,-37.47647],[177.13274,-37.47716],[177.13322,-37.47788]]]}},{"type":"Feature","properties":{"id":2982683,"nombre":"Punakaiki Marine Reserve","ley":"MARINE_RESERVES_ACT","area_ha":3520.3},"geometry":{"type":"MultiPolygon","coordinates":[[[[171.3265,-42.11407],[171.32643,-42.11393],[171.32655,-42.11379],[171.3265,-42.11407]]],[[[171.31812,-42.18019],[171.27294,-42.17951],[171.29666,-42.08335],[171.34142,-42.08401],[171.34226,-42.08494],[171.34158,-42.08593],[171.34021,-42.08571],[171.33991,-42.08694],[171.33834,-42.08803],[171.33895,-42.08882],[171.33799,-42.08896],[171.33926,-42.09124],[171.33801,-42.09183],[171.33896,-42.09395],[171.339,-42.09756],[171.32939,-42.09767],[171.32521,-42.11258],[171.33005,-42.11265],[171.3258,-42.11414],[171.32872,-42.11636],[171.32798,-42.11699],[171.32986,-42.11812],[171.32381,-42.11804],[171.31569,-42.14353],[171.32549,-42.14368],[171.32044,-42.15603],[171.31945,-42.16392],[171.32051,-42.16484],[171.31881,-42.17918],[171.31812,-42.18019]]]]}},{"type":"Feature","properties":{"id":2797331,"nombre":"Cape Rodney-Okakari Point Marine Reserve","ley":"MARINE_RESERVES_ACT","area_ha":547},"geometry":{"type":"Polygon","coordinates":[[[174.81425,-36.2756],[174.81328,-36.2754],[174.81299,-36.27437],[174.80893,-36.273],[174.80871,-36.27096],[174.80605,-36.27165],[174.80382,-36.27075],[174.80403,-36.27028],[174.8017,-36.27025],[174.80036,-36.26885],[174.79796,-36.26887],[174.79616,-36.27006],[174.79161,-36.27086],[174.78344,-36.26916],[174.77878,-36.26976],[174.77619,-36.26789],[174.77573,-36.26558],[174.76856,-36.26109],[174.76701,-36.26082],[174.76709,-36.25346],[174.77327,-36.2548],[174.78438,-36.26209],[174.78709,-36.26262],[174.78878,-36.26018],[174.79355,-36.25738],[174.79731,-36.25673],[174.80073,-36.25707],[174.80703,-36.25995],[174.80904,-36.2643],[174.81309,-36.26511],[174.81613,-36.26736],[174.82166,-36.26732],[174.82129,-36.27773],[174.81672,-36.27501],[174.81625,-36.27565],[174.81463,-36.27463],[174.81425,-36.2756]],[[174.7969,-36.26778],[174.80003,-36.2649],[174.79775,-36.26386],[174.79554,-36.26482],[174.7969,-36.26778]]]}},{"type":"Feature","properties":{"id":2798193,"nombre":"Motu Manawa-Pollen Island Marine Reserve","ley":"MARINE_RESERVES_ACT","area_ha":500.8},"geometry":{"type":"MultiPolygon","coordinates":[[[[174.69361,-36.88718],[174.69251,-36.88656],[174.69335,-36.88492],[174.6907,-36.88522],[174.69013,-36.8864],[174.68962,-36.88561],[174.69048,-36.8846],[174.68966,-36.88352],[174.68667,-36.88491],[174.68836,-36.8833],[174.68821,-36.88211],[174.68508,-36.88143],[174.68337,-36.88001],[174.67993,-36.88005],[174.67641,-36.87729],[174.67229,-36.87694],[174.67244,-36.87579],[174.67146,-36.87443],[174.67222,-36.8726],[174.67436,-36.87163],[174.67356,-36.87025],[174.67853,-36.8723],[174.67789,-36.87392],[174.67883,-36.8756],[174.68066,-36.87354],[174.68326,-36.87225],[174.69723,-36.87209],[174.69516,-36.87395],[174.69548,-36.87548],[174.69409,-36.87861],[174.69579,-36.87939],[174.69558,-36.8807],[174.69628,-36.88139],[174.69499,-36.88262],[174.6956,-36.88408],[174.69361,-36.88718]]],[[[174.68454,-36.87167],[174.67838,-36.87037],[174.67719,-36.87103],[174.67461,-36.87003],[174.66748,-36.86611],[174.66282,-36.86098],[174.65858,-36.85973],[174.66386,-36.85157],[174.67171,-36.85157],[174.69202,-36.87142],[174.68454,-36.87167]]],[[[174.66292,-36.8579],[174.6643,-36.85701],[174.66116,-36.85731],[174.66292,-36.8579]]],[[[174.67447,-36.86926],[174.6751,-36.86573],[174.66676,-36.85752],[174.66445,-36.85781],[174.66762,-36.86178],[174.67292,-36.86628],[174.67447,-36.86926]]]]}},{"type":"Feature","properties":{"id":4742138,"nombre":"Papanui Marine Reserve","ley":"MARINE_RESERVES_ACT","area_ha":null},"geometry":{"type":"Polygon","coordinates":[[[170.85444,-45.78202],[171.03825,-45.79914],[171.03775,-45.81877],[171.03396,-45.84042],[171.03596,-45.87343],[171.03545,-45.88478],[171.03362,-45.89832],[170.83162,-45.88213],[170.85444,-45.78202]]]}},{"type":"Feature","properties":{"id":4742143,"nombre":"Ōkaihae Marine Reserve","ley":"MARINE_RESERVES_ACT","area_ha":null},"geometry":{"type":"Polygon","coordinates":[[[170.40244,-45.94544],[170.40149,-45.96642],[170.3734,-45.96578],[170.37439,-45.94479],[170.40244,-45.94544]],[[170.38613,-45.95416],[170.38643,-45.95444],[170.38619,-45.95372],[170.38613,-45.95416]],[[170.38783,-45.95344],[170.38843,-45.95405],[170.38933,-45.95319],[170.38855,-45.95193],[170.38653,-45.95192],[170.38512,-45.95297],[170.38783,-45.95344]]]}},{"type":"Feature","properties":{"id":2794421,"nombre":"Te Whanganui-o-Hei / Cathedral Cove Marine Reserve","ley":"MARINE_RESERVES_ACT","area_ha":840},"geometry":{"type":"Polygon","coordinates":[[[175.76399,-36.81846],[175.77048,-36.80291],[175.81908,-36.82184],[175.81749,-36.82176],[175.81734,-36.82242],[175.81909,-36.82184],[175.82632,-36.82486],[175.82464,-36.8267],[175.82117,-36.82634],[175.80158,-36.83487],[175.79913,-36.83273],[175.79612,-36.83293],[175.79553,-36.83154],[175.79306,-36.83277],[175.79234,-36.83096],[175.79316,-36.82984],[175.79058,-36.82988],[175.79078,-36.8282],[175.78947,-36.82844],[175.7886,-36.82656],[175.78553,-36.82487],[175.78515,-36.82357],[175.78121,-36.82239],[175.77552,-36.82393],[175.77264,-36.82255],[175.77087,-36.82029],[175.7644,-36.82089],[175.76399,-36.81846]],[[175.79043,-36.81461],[175.79032,-36.81471],[175.79055,-36.81468],[175.79043,-36.81461]],[[175.79258,-36.81597],[175.79249,-36.81606],[175.79268,-36.81606],[175.79258,-36.81597]],[[175.78957,-36.81494],[175.7897,-36.81487],[175.7896,-36.81477],[175.78957,-36.81494]],[[175.78963,-36.81373],[175.78953,-36.81381],[175.78972,-36.81385],[175.78963,-36.81373]],[[175.79066,-36.81519],[175.79023,-36.81547],[175.79101,-36.81547],[175.79066,-36.81519]],[[175.79679,-36.81978],[175.79753,-36.82093],[175.79754,-36.82017],[175.79679,-36.81978]],[[175.82042,-36.82602],[175.82038,-36.82519],[175.81939,-36.82572],[175.82042,-36.82602]],[[175.80417,-36.81859],[175.8016,-36.81794],[175.79951,-36.81984],[175.80387,-36.8196],[175.80417,-36.81859]]]}},{"type":"Feature","properties":{"id":4742149,"nombre":"Hākinikini Marine Reserve","ley":"MARINE_RESERVES_ACT","area_ha":null},"geometry":{"type":"MultiPolygon","coordinates":[[[[170.15986,-46.15823],[170.15987,-46.15823],[170.15987,-46.15823],[170.15986,-46.15823]]],[[[170.15987,-46.15823],[170.15988,-46.15823],[170.15989,-46.15829],[170.15987,-46.15823]]],[[[170.16125,-46.15793],[170.16272,-46.15776],[170.16252,-46.1566],[170.16394,-46.15703],[170.16344,-46.15633],[170.16424,-46.15585],[170.1656,-46.1561],[170.1644,-46.15464],[170.16599,-46.15544],[170.16637,-46.15478],[170.16858,-46.15518],[170.16945,-46.15467],[170.16892,-46.15377],[170.17081,-46.15389],[170.16986,-46.15326],[170.17086,-46.1534],[170.17237,-46.15181],[170.17161,-46.15063],[170.17279,-46.15046],[170.17277,-46.14984],[170.17338,-46.15044],[170.17405,-46.14973],[170.17346,-46.14884],[170.17439,-46.14894],[170.17413,-46.14772],[170.1752,-46.14792],[170.17463,-46.14638],[170.17612,-46.14655],[170.17614,-46.14589],[170.17883,-46.14522],[170.17883,-46.14384],[170.17968,-46.14306],[170.1782,-46.14232],[170.17984,-46.14139],[170.17868,-46.13996],[170.18165,-46.13954],[170.18408,-46.13738],[170.18337,-46.13569],[170.18442,-46.13533],[170.18381,-46.13398],[170.18444,-46.13386],[170.18362,-46.13344],[170.18446,-46.13323],[170.18392,-46.13252],[170.18493,-46.13231],[170.18433,-46.13183],[170.18611,-46.12938],[170.18269,-46.12626],[170.18337,-46.12433],[170.1826,-46.12342],[170.18411,-46.12306],[170.18259,-46.12209],[170.18408,-46.1222],[170.18515,-46.12132],[170.18615,-46.12203],[170.18665,-46.12094],[170.18588,-46.12124],[170.18467,-46.11919],[170.18624,-46.11831],[170.18541,-46.11815],[170.1856,-46.11734],[170.18705,-46.11551],[170.18975,-46.11569],[170.18777,-46.11327],[170.191,-46.11172],[170.19196,-46.11254],[170.1934,-46.11217],[170.19305,-46.11158],[170.19351,-46.11201],[170.19466,-46.10996],[170.19365,-46.10822],[170.19621,-46.1076],[170.19566,-46.10742],[170.19638,-46.10634],[170.21032,-46.10661],[170.17864,-46.159],[170.15982,-46.15853],[170.15923,-46.15821],[170.16009,-46.15835],[170.15989,-46.1577],[170.16125,-46.15793]]],[[[170.18364,-46.13755],[170.18368,-46.13757],[170.18372,-46.13753],[170.18364,-46.13755]]],[[[170.18364,-46.13755],[170.18363,-46.13755],[170.18364,-46.13755],[170.18364,-46.13755]]],[[[170.16125,-46.15793],[170.1613,-46.15795],[170.16135,-46.15783],[170.16125,-46.15793]]],[[[170.16125,-46.15793],[170.16125,-46.15793],[170.16125,-46.15793],[170.16125,-46.15793]]],[[[170.17104,-46.15428],[170.17044,-46.15452],[170.17136,-46.15478],[170.17104,-46.15428]]],[[[170.17048,-46.15436],[170.17057,-46.15414],[170.16992,-46.15444],[170.17048,-46.15436]]],[[[170.18577,-46.13096],[170.18701,-46.13072],[170.18628,-46.13005],[170.18517,-46.1309],[170.18577,-46.13096]]],[[[170.19097,-46.11262],[170.19188,-46.1126],[170.19095,-46.11229],[170.19097,-46.11262]]]]}},{"type":"Feature","properties":{"id":4742152,"nombre":"Waitaki Marine Reserve","ley":"MARINE_RESERVES_ACT","area_ha":null},"geometry":{"type":"Polygon","coordinates":[[[171.24014,-44.96135],[171.14688,-45.06654],[171.02029,-45.06442],[171.05169,-45.04384],[171.06945,-45.03023],[171.06937,-45.0312],[171.07216,-45.02784],[171.08728,-45.01532],[171.10078,-45.00198],[171.10871,-44.99293],[171.12225,-44.97542],[171.13296,-44.95965],[171.24014,-44.96135]]]}},{"type":"Feature","properties":{"id":2794981,"nombre":"Te Matuku Marine Reserve","ley":"MARINE_RESERVES_ACT","area_ha":689.6},"geometry":{"type":"MultiPolygon","coordinates":[[[[175.14041,-36.8246],[175.1403,-36.82522],[175.13921,-36.8249],[175.14021,-36.82371],[175.14041,-36.8246]]],[[[175.13015,-36.82265],[175.13106,-36.82484],[175.13366,-36.82441],[175.13373,-36.82299],[175.13627,-36.82275],[175.1371,-36.82292],[175.13634,-36.82367],[175.13901,-36.82443],[175.13836,-36.8254],[175.13603,-36.82552],[175.13718,-36.82615],[175.1376,-36.82948],[175.13831,-36.83009],[175.13208,-36.83281],[175.13011,-36.83663],[175.1322,-36.8366],[175.13423,-36.83542],[175.13852,-36.83573],[175.13929,-36.83643],[175.14045,-36.83905],[175.13955,-36.84009],[175.13716,-36.84062],[175.13577,-36.84256],[175.13745,-36.84372],[175.1364,-36.84497],[175.13813,-36.84647],[175.13804,-36.84831],[175.13895,-36.84831],[175.14112,-36.84609],[175.14396,-36.84691],[175.14389,-36.84833],[175.15281,-36.86194],[175.12321,-36.86204],[175.11231,-36.84701],[175.11403,-36.84741],[175.11584,-36.84617],[175.11732,-36.84677],[175.11843,-36.84553],[175.12076,-36.84687],[175.12339,-36.84551],[175.12548,-36.84649],[175.12645,-36.84806],[175.1272,-36.84783],[175.12745,-36.84624],[175.12617,-36.84378],[175.12257,-36.84049],[175.1224,-36.83811],[175.12743,-36.83203],[175.12816,-36.82948],[175.13009,-36.82848],[175.12895,-36.82644],[175.12927,-36.82487],[175.12825,-36.82465],[175.1286,-36.82321],[175.13015,-36.82265]]],[[[175.13064,-36.85677],[175.13047,-36.85693],[175.13066,-36.857],[175.13064,-36.85677]]],[[[175.13092,-36.85637],[175.13115,-36.85612],[175.13099,-36.85609],[175.13092,-36.85637]]],[[[175.13045,-36.85701],[175.13012,-36.85711],[175.1304,-36.8572],[175.13045,-36.85701]]],[[[175.13079,-36.85673],[175.13094,-36.85642],[175.13054,-36.8566],[175.13079,-36.85673]]],[[[175.13259,-36.82543],[175.13084,-36.82623],[175.13301,-36.82758],[175.13392,-36.82764],[175.13528,-36.82614],[175.13259,-36.82543]]],[[[175.12433,-36.84071],[175.12546,-36.84224],[175.12705,-36.84086],[175.12548,-36.83792],[175.12336,-36.83938],[175.12433,-36.84071]]]]}},{"type":"Feature","properties":{"id":2797960,"nombre":"Kapiti Marine Reserve","ley":"MARINE_RESERVES_ACT","area_ha":2167},"geometry":{"type":"MultiPolygon","coordinates":[[[[174.91693,-40.8122],[174.93286,-40.8224],[174.92443,-40.82281],[174.92261,-40.82214],[174.92255,-40.82096],[174.92008,-40.8222],[174.9192,-40.82359],[174.9195,-40.82474],[174.92104,-40.82571],[174.92073,-40.82831],[174.91811,-40.83016],[174.91532,-40.83091],[174.91621,-40.83291],[174.91506,-40.8389],[174.9096,-40.84562],[174.90725,-40.84576],[174.89946,-40.84351],[174.91693,-40.8122]]],[[[174.90751,-40.84562],[174.90735,-40.84566],[174.90754,-40.84574],[174.90751,-40.84562]]],[[[174.90761,-40.8456],[174.90779,-40.84578],[174.90793,-40.8456],[174.90761,-40.8456]]],[[[174.91621,-40.83045],[174.91645,-40.83035],[174.91625,-40.83022],[174.91621,-40.83045]]],[[[174.92623,-40.82261],[174.92652,-40.82259],[174.92612,-40.82235],[174.92623,-40.82261]]],[[[174.91528,-40.83442],[174.91547,-40.83404],[174.91515,-40.83419],[174.91528,-40.83442]]],[[[174.92042,-40.82589],[174.92043,-40.82549],[174.92021,-40.8257],[174.92042,-40.82589]]],[[[174.91513,-40.83503],[174.91553,-40.83478],[174.91509,-40.83469],[174.91513,-40.83503]]],[[[174.91493,-40.83028],[174.91469,-40.83104],[174.91549,-40.83058],[174.91493,-40.83028]]],[[[174.98288,-40.85722],[175.00698,-40.87071],[174.99639,-40.87533],[174.92047,-40.87479],[174.9124,-40.87033],[174.91813,-40.86821],[174.92615,-40.85962],[174.9351,-40.85336],[174.93354,-40.84976],[174.93995,-40.8408],[174.94175,-40.83601],[174.94334,-40.83506],[174.98288,-40.85722]]]]}},{"type":"Feature","properties":{"id":2803620,"nombre":"Tonga Island Marine Reserve","ley":"MARINE_RESERVES_ACT","area_ha":1835},"geometry":{"type":"Polygon","coordinates":[[[173.07833,-40.8512],[173.08634,-40.87246],[173.08652,-40.88034],[173.08967,-40.88757],[173.08856,-40.89622],[173.08436,-40.90325],[173.08516,-40.91079],[173.08448,-40.91469],[173.05933,-40.91503],[173.06005,-40.91469],[173.05964,-40.91364],[173.06024,-40.91278],[173.05837,-40.91011],[173.06091,-40.91177],[173.06304,-40.9112],[173.06387,-40.90979],[173.06262,-40.9079],[173.06367,-40.90581],[173.06134,-40.90341],[173.05794,-40.90231],[173.05379,-40.89855],[173.05346,-40.89714],[173.05008,-40.89432],[173.05109,-40.89383],[173.05015,-40.89087],[173.04699,-40.88969],[173.04606,-40.88684],[173.04723,-40.88398],[173.05214,-40.88101],[173.05251,-40.88001],[173.05356,-40.88086],[173.04933,-40.8831],[173.054,-40.88108],[173.05805,-40.88425],[173.05928,-40.88405],[173.05828,-40.88352],[173.05889,-40.88285],[173.06159,-40.88284],[173.06271,-40.88139],[173.0621,-40.87824],[173.06493,-40.87895],[173.06575,-40.87529],[173.06221,-40.87214],[173.06009,-40.87253],[173.05934,-40.87132],[173.05837,-40.87247],[173.0591,-40.87094],[173.06115,-40.87157],[173.06287,-40.87007],[173.06078,-40.86779],[173.06241,-40.86642],[173.06122,-40.86396],[173.06006,-40.86341],[173.06064,-40.862],[173.05882,-40.86161],[173.05882,-40.86021],[173.05648,-40.85948],[173.05807,-40.857],[173.05651,-40.85651],[173.05396,-40.85726],[173.0512,-40.85485],[173.04659,-40.85563],[173.04498,-40.85282],[173.04681,-40.85181],[173.04556,-40.85126],[173.07114,-40.843],[173.07597,-40.8475],[173.07833,-40.8512]],[[173.06395,-40.8906],[173.06363,-40.8904],[173.06359,-40.89058],[173.06395,-40.8906]],[[173.06842,-40.88847],[173.06868,-40.88833],[173.06826,-40.88826],[173.06842,-40.88847]],[[173.06786,-40.88892],[173.06797,-40.88953],[173.06579,-40.88906],[173.06436,-40.89042],[173.06814,-40.89181],[173.06877,-40.88918],[173.06786,-40.88892]]]}},{"type":"Feature","properties":{"id":4742145,"nombre":"Ōrau Marine Reserve","ley":"MARINE_RESERVES_ACT","area_ha":null},"geometry":{"type":"Polygon","coordinates":[[[170.50134,-45.94171],[170.48824,-45.9145],[170.48835,-45.91289],[170.492,-45.91125],[170.50974,-45.90875],[170.53036,-45.90793],[170.53161,-45.90884],[170.53295,-45.90818],[170.53338,-45.90949],[170.53528,-45.9106],[170.53798,-45.90673],[170.55094,-45.90698],[170.55763,-45.90822],[170.56407,-45.90684],[170.56479,-45.90697],[170.56437,-45.90802],[170.56508,-45.90877],[170.56577,-45.90833],[170.56822,-45.90972],[170.57159,-45.90735],[170.57263,-45.90804],[170.5735,-45.90674],[170.58109,-45.90499],[170.58304,-45.90385],[170.5896,-45.90283],[170.59311,-45.90341],[170.59471,-45.90194],[170.60647,-45.89711],[170.61756,-45.89698],[170.62138,-45.89856],[170.62418,-45.89759],[170.62492,-45.89906],[170.62735,-45.89798],[170.62915,-45.90006],[170.63168,-45.90049],[170.6321,-45.90202],[170.63355,-45.90106],[170.63302,-45.9023],[170.63372,-45.90262],[170.63969,-45.8956],[170.65122,-45.89781],[170.6528,-45.89893],[170.65253,-45.90133],[170.65715,-45.90038],[170.65752,-45.899],[170.65863,-45.89873],[170.65867,-45.89942],[170.65913,-45.89849],[170.65935,-45.90085],[170.66105,-45.90025],[170.66263,-45.90243],[170.66271,-45.90415],[170.50134,-45.94171]],[[170.64876,-45.90486],[170.64876,-45.90472],[170.64872,-45.9048],[170.64876,-45.90486]],[[170.65224,-45.90243],[170.65241,-45.90239],[170.6523,-45.90226],[170.65224,-45.90243]],[[170.65132,-45.90298],[170.65163,-45.90269],[170.65139,-45.90253],[170.65132,-45.90298]],[[170.49867,-45.93363],[170.49914,-45.93357],[170.49822,-45.93342],[170.49867,-45.93363]],[[170.64912,-45.90481],[170.64896,-45.90407],[170.64876,-45.90458],[170.64912,-45.90481]],[[170.65124,-45.9055],[170.65164,-45.90501],[170.65123,-45.90476],[170.65124,-45.9055]],[[170.66056,-45.90172],[170.66114,-45.90081],[170.66055,-45.90094],[170.66056,-45.90172]],[[170.55876,-45.91228],[170.55989,-45.91161],[170.55963,-45.91091],[170.55867,-45.91138],[170.55876,-45.91228]]]}}]}
